SYMBOL_NAME,Time,ASK_PRICE,ASK_SIZE,BID_PRICE,BID_SIZE
MILLBURN::::CL.NY.J.2025,2025-03-02T17:06:00.000000000-0500,69.99,3,69.92,5
MILLBURN::::CL.NY.J.2025,2025-03-02T17:36:00.000000000-0500,69.99,2,69.92,5
MILLBURN::::CL.NY.J.2025,2025-03-02T17:38:00.000000000-0500,70.0,9,69.92,5
MILLBURN::::CL.NY.J.2025,2025-03-02T17:41:00.000000000-0500,70.0,8,69.92,5
MILLBURN::::CL.NY.J.2025,2025-03-02T17:43:00.000000000-0500,70.03,3,69.92,4
MILLBURN::::CL.NY.J.2025,2025-03-02T17:44:00.000000000-0500,70.04,3,69.92,4
MILLBURN::::CL.NY.J.2025,2025-03-02T17:45:00.000000000-0500,70.05,3,69.9,3
MILLBURN::::CL.NY.J.2025,2025-03-02T17:46:00.000000000-0500,70.06,3,69.9,1
MILLBURN::::CL.NY.J.2025,2025-03-02T17:47:00.000000000-0500,70.07,4,69.88,4
MILLBURN::::CL.NY.J.2025,2025-03-02T17:48:00.000000000-0500,70.07,2,69.87,4
MILLBURN::::CL.NY.J.2025,2025-03-02T17:49:00.000000000-0500,70.07,2,69.87,2
MILLBURN::::CL.NY.J.2025,2025-03-02T17:50:00.000000000-0500,70.07,1,69.87,2
MILLBURN::::CL.NY.J.2025,2025-03-02T17:51:00.000000000-0500,70.07,1,69.87,1
MILLBURN::::CL.NY.J.2025,2025-03-02T17:52:00.000000000-0500,70.07,1,70.07,3
MILLBURN::::CL.NY.J.2025,2025-03-02T17:57:00.000000000-0500,70.0,20,70.0,5
MILLBURN::::CL.NY.J.2025,2025-03-02T17:58:00.000000000-0500,70.0,21,70.0,3
MILLBURN::::CL.NY.J.2025,2025-03-02T17:59:00.000000000-0500,69.95,4,69.95,6
MILLBURN::::CL.NY.J.2025,2025-03-02T18:00:00.000000000-0500,70.07,1,70.06,4
MILLBURN::::CL.NY.J.2025,2025-03-02T18:01:00.000000000-0500,70.09,1,70.07,9
MILLBURN::::CL.NY.J.2025,2025-03-02T18:02:00.000000000-0500,70.06,5,70.03,5
MILLBURN::::CL.NY.J.2025,2025-03-02T18:03:00.000000000-0500,70.1,1,70.09,1
MILLBURN::::CL.NY.J.2025,2025-03-02T18:04:00.000000000-0500,70.03,11,70.0,12
MILLBURN::::CL.NY.J.2025,2025-03-02T18:05:00.000000000-0500,70.04,1,70.03,1
MILLBURN::::CL.NY.J.2025,2025-03-02T18:06:00.000000000-0500,70.08,9,70.06,1
MILLBURN::::CL.NY.J.2025,2025-03-02T18:07:00.000000000-0500,70.08,9,70.06,2
MILLBURN::::CL.NY.J.2025,2025-03-02T18:08:00.000000000-0500,70.14,7,70.12,7
MILLBURN::::CL.NY.J.2025,2025-03-02T18:09:00.000000000-0500,70.13,3,70.11,2
MILLBURN::::CL.NY.J.2025,2025-03-02T18:10:00.000000000-0500,70.2,5,70.19,2
MILLBURN::::CL.NY.J.2025,2025-03-02T18:11:00.000000000-0500,70.14,1,70.13,5
MILLBURN::::CL.NY.J.2025,2025-03-02T18:12:00.000000000-0500,70.2,1,70.19,2
MILLBURN::::CL.NY.J.2025,2025-03-02T18:13:00.000000000-0500,70.22,3,70.2,6
MILLBURN::::CL.NY.J.2025,2025-03-02T18:14:00.000000000-0500,70.24,8,70.22,7
MILLBURN::::CL.NY.J.2025,2025-03-02T18:15:00.000000000-0500,70.23,3,70.22,4
MILLBURN::::CL.NY.J.2025,2025-03-02T18:16:00.000000000-0500,70.22,3,70.2,6
MILLBURN::::CL.NY.J.2025,2025-03-02T18:17:00.000000000-0500,70.18,5,70.17,4
MILLBURN::::CL.NY.J.2025,2025-03-02T18:18:00.000000000-0500,70.2,2,70.19,4
MILLBURN::::CL.NY.J.2025,2025-03-02T18:19:00.000000000-0500,70.21,4,70.2,2
MILLBURN::::CL.NY.J.2025,2025-03-02T18:20:00.000000000-0500,70.2,23,70.18,7
MILLBURN::::CL.NY.J.2025,2025-03-02T18:21:00.000000000-0500,70.17,4,70.16,2
MILLBURN::::CL.NY.J.2025,2025-03-02T18:22:00.000000000-0500,70.17,4,70.16,5
MILLBURN::::CL.NY.J.2025,2025-03-02T18:23:00.000000000-0500,70.16,10,70.15,2
MILLBURN::::CL.NY.J.2025,2025-03-02T18:24:00.000000000-0500,70.16,10,70.15,2
MILLBURN::::CL.NY.J.2025,2025-03-02T18:25:00.000000000-0500,70.15,3,70.14,5
MILLBURN::::CL.NY.J.2025,2025-03-02T18:26:00.000000000-0500,70.14,4,70.13,9
MILLBURN::::CL.NY.J.2025,2025-03-02T18:27:00.000000000-0500,70.14,7,70.13,10
MILLBURN::::CL.NY.J.2025,2025-03-02T18:28:00.000000000-0500,70.15,5,70.14,2
MILLBURN::::CL.NY.J.2025,2025-03-02T18:29:00.000000000-0500,70.15,5,70.14,2
MILLBURN::::CL.NY.J.2025,2025-03-02T18:30:00.000000000-0500,70.22,12,70.2,6
MILLBURN::::CL.NY.J.2025,2025-03-02T18:31:00.000000000-0500,70.22,9,70.2,7
MILLBURN::::CL.NY.J.2025,2025-03-02T18:32:00.000000000-0500,70.22,23,70.2,5
MILLBURN::::CL.NY.J.2025,2025-03-02T18:33:00.000000000-0500,70.23,7,70.21,5
MILLBURN::::CL.NY.J.2025,2025-03-02T18:34:00.000000000-0500,70.23,10,70.21,4
MILLBURN::::CL.NY.J.2025,2025-03-02T18:35:00.000000000-0500,70.21,6,70.19,10
MILLBURN::::CL.NY.J.2025,2025-03-02T18:36:00.000000000-0500,70.21,1,70.2,6
MILLBURN::::CL.NY.J.2025,2025-03-02T18:37:00.000000000-0500,70.21,9,70.19,8
MILLBURN::::CL.NY.J.2025,2025-03-02T18:38:00.000000000-0500,70.19,4,70.17,17
MILLBURN::::CL.NY.J.2025,2025-03-02T18:39:00.000000000-0500,70.21,1,70.2,3
MILLBURN::::CL.NY.J.2025,2025-03-02T18:40:00.000000000-0500,70.19,3,70.18,7
MILLBURN::::CL.NY.J.2025,2025-03-02T18:41:00.000000000-0500,70.22,1,70.21,8
MILLBURN::::CL.NY.J.2025,2025-03-02T18:42:00.000000000-0500,70.21,7,70.2,4
MILLBURN::::CL.NY.J.2025,2025-03-02T18:43:00.000000000-0500,70.21,6,70.2,5
MILLBURN::::CL.NY.J.2025,2025-03-02T18:44:00.000000000-0500,70.2,6,70.19,1
MILLBURN::::CL.NY.J.2025,2025-03-02T18:45:00.000000000-0500,70.19,1,70.18,3
MILLBURN::::CL.NY.J.2025,2025-03-02T18:46:00.000000000-0500,70.19,6,70.18,2
MILLBURN::::CL.NY.J.2025,2025-03-02T18:47:00.000000000-0500,70.19,6,70.18,25
MILLBURN::::CL.NY.J.2025,2025-03-02T18:48:00.000000000-0500,70.2,9,70.18,52
MILLBURN::::CL.NY.J.2025,2025-03-02T18:49:00.000000000-0500,70.19,4,70.18,4
MILLBURN::::CL.NY.J.2025,2025-03-02T18:50:00.000000000-0500,70.17,3,70.16,14
MILLBURN::::CL.NY.J.2025,2025-03-02T18:51:00.000000000-0500,70.18,3,70.17,3
MILLBURN::::CL.NY.J.2025,2025-03-02T18:52:00.000000000-0500,70.19,2,70.18,2
MILLBURN::::CL.NY.J.2025,2025-03-02T18:53:00.000000000-0500,70.2,5,70.19,1
MILLBURN::::CL.NY.J.2025,2025-03-02T18:54:00.000000000-0500,70.2,6,70.18,9
MILLBURN::::CL.NY.J.2025,2025-03-02T18:55:00.000000000-0500,70.19,8,70.17,5
MILLBURN::::CL.NY.J.2025,2025-03-02T18:56:00.000000000-0500,70.17,1,70.16,8
MILLBURN::::CL.NY.J.2025,2025-03-02T18:57:00.000000000-0500,70.17,6,70.16,1
MILLBURN::::CL.NY.J.2025,2025-03-02T18:58:00.000000000-0500,70.17,3,70.16,3
MILLBURN::::CL.NY.J.2025,2025-03-02T18:59:00.000000000-0500,70.19,4,70.17,7
MILLBURN::::CL.NY.J.2025,2025-03-02T19:00:00.000000000-0500,70.22,8,70.2,6
MILLBURN::::CL.NY.J.2025,2025-03-02T19:01:00.000000000-0500,70.22,3,70.21,3
MILLBURN::::CL.NY.J.2025,2025-03-02T19:02:00.000000000-0500,70.22,4,70.21,3
MILLBURN::::CL.NY.J.2025,2025-03-02T19:03:00.000000000-0500,70.24,23,70.22,8
MILLBURN::::CL.NY.J.2025,2025-03-02T19:04:00.000000000-0500,70.25,8,70.23,12
MILLBURN::::CL.NY.J.2025,2025-03-02T19:05:00.000000000-0500,70.23,3,70.22,3
MILLBURN::::CL.NY.J.2025,2025-03-02T19:06:00.000000000-0500,70.2,3,70.19,7
MILLBURN::::CL.NY.J.2025,2025-03-02T19:07:00.000000000-0500,70.21,5,70.19,14
MILLBURN::::CL.NY.J.2025,2025-03-02T19:08:00.000000000-0500,70.24,21,70.23,4
MILLBURN::::CL.NY.J.2025,2025-03-02T19:09:00.000000000-0500,70.25,7,70.23,11
MILLBURN::::CL.NY.J.2025,2025-03-02T19:10:00.000000000-0500,70.24,7,70.22,14
MILLBURN::::CL.NY.J.2025,2025-03-02T19:11:00.000000000-0500,70.26,5,70.24,8
MILLBURN::::CL.NY.J.2025,2025-03-02T19:12:00.000000000-0500,70.24,2,70.23,7
MILLBURN::::CL.NY.J.2025,2025-03-02T19:13:00.000000000-0500,70.25,7,70.23,12
MILLBURN::::CL.NY.J.2025,2025-03-02T19:14:00.000000000-0500,70.24,2,70.23,5
MILLBURN::::CL.NY.J.2025,2025-03-02T19:15:00.000000000-0500,70.24,2,70.23,5
MILLBURN::::CL.NY.J.2025,2025-03-02T19:16:00.000000000-0500,70.23,1,70.22,16
MILLBURN::::CL.NY.J.2025,2025-03-02T19:17:00.000000000-0500,70.21,3,70.2,17
MILLBURN::::CL.NY.J.2025,2025-03-02T19:18:00.000000000-0500,70.22,5,70.2,20
MILLBURN::::CL.NY.J.2025,2025-03-02T19:19:00.000000000-0500,70.19,5,70.18,8
MILLBURN::::CL.NY.J.2025,2025-03-02T19:20:00.000000000-0500,70.19,4,70.18,5
MILLBURN::::CL.NY.J.2025,2025-03-02T19:21:00.000000000-0500,70.19,6,70.17,10
MILLBURN::::CL.NY.J.2025,2025-03-02T19:22:00.000000000-0500,70.18,4,70.17,8
MILLBURN::::CL.NY.J.2025,2025-03-02T19:23:00.000000000-0500,70.19,8,70.17,19
MILLBURN::::CL.NY.J.2025,2025-03-02T19:24:00.000000000-0500,70.19,7,70.18,5
MILLBURN::::CL.NY.J.2025,2025-03-02T19:25:00.000000000-0500,70.19,5,70.18,7
MILLBURN::::CL.NY.J.2025,2025-03-02T19:26:00.000000000-0500,70.19,10,70.17,16
MILLBURN::::CL.NY.J.2025,2025-03-02T19:27:00.000000000-0500,70.23,7,70.22,2
MILLBURN::::CL.NY.J.2025,2025-03-02T19:28:00.000000000-0500,70.21,3,70.2,3
MILLBURN::::CL.NY.J.2025,2025-03-02T19:29:00.000000000-0500,70.22,8,70.2,12
MILLBURN::::CL.NY.J.2025,2025-03-02T19:30:00.000000000-0500,70.22,8,70.21,5
MILLBURN::::CL.NY.J.2025,2025-03-02T19:31:00.000000000-0500,70.23,12,70.21,9
MILLBURN::::CL.NY.J.2025,2025-03-02T19:32:00.000000000-0500,70.23,5,70.22,6
MILLBURN::::CL.NY.J.2025,2025-03-02T19:33:00.000000000-0500,70.24,5,70.23,4
MILLBURN::::CL.NY.J.2025,2025-03-02T19:34:00.000000000-0500,70.24,12,70.22,9
MILLBURN::::CL.NY.J.2025,2025-03-02T19:35:00.000000000-0500,70.23,9,70.21,11
MILLBURN::::CL.NY.J.2025,2025-03-02T19:36:00.000000000-0500,70.23,4,70.22,4
MILLBURN::::CL.NY.J.2025,2025-03-02T19:37:00.000000000-0500,70.23,5,70.22,7
MILLBURN::::CL.NY.J.2025,2025-03-02T19:38:00.000000000-0500,70.23,8,70.21,7
MILLBURN::::CL.NY.J.2025,2025-03-02T19:39:00.000000000-0500,70.24,8,70.22,8
MILLBURN::::CL.NY.J.2025,2025-03-02T19:40:00.000000000-0500,70.24,9,70.22,6
MILLBURN::::CL.NY.J.2025,2025-03-02T19:41:00.000000000-0500,70.24,8,70.22,7
MILLBURN::::CL.NY.J.2025,2025-03-02T19:42:00.000000000-0500,70.23,4,70.22,6
MILLBURN::::CL.NY.J.2025,2025-03-02T19:43:00.000000000-0500,70.24,8,70.22,6
MILLBURN::::CL.NY.J.2025,2025-03-02T19:44:00.000000000-0500,70.3,6,70.29,6
MILLBURN::::CL.NY.J.2025,2025-03-02T19:45:00.000000000-0500,70.3,6,70.29,12
MILLBURN::::CL.NY.J.2025,2025-03-02T19:46:00.000000000-0500,70.3,7,70.29,11
MILLBURN::::CL.NY.J.2025,2025-03-02T19:47:00.000000000-0500,70.31,6,70.3,8
MILLBURN::::CL.NY.J.2025,2025-03-02T19:48:00.000000000-0500,70.33,6,70.32,6
MILLBURN::::CL.NY.J.2025,2025-03-02T19:49:00.000000000-0500,70.34,7,70.32,11
MILLBURN::::CL.NY.J.2025,2025-03-02T19:50:00.000000000-0500,70.31,4,70.3,6
MILLBURN::::CL.NY.J.2025,2025-03-02T19:51:00.000000000-0500,70.31,6,70.29,15
MILLBURN::::CL.NY.J.2025,2025-03-02T19:52:00.000000000-0500,70.31,5,70.29,20
MILLBURN::::CL.NY.J.2025,2025-03-02T19:53:00.000000000-0500,70.33,6,70.31,9
MILLBURN::::CL.NY.J.2025,2025-03-02T19:54:00.000000000-0500,70.33,6,70.32,2
MILLBURN::::CL.NY.J.2025,2025-03-02T19:55:00.000000000-0500,70.34,13,70.32,10
MILLBURN::::CL.NY.J.2025,2025-03-02T19:56:00.000000000-0500,70.34,13,70.33,5
MILLBURN::::CL.NY.J.2025,2025-03-02T19:57:00.000000000-0500,70.31,1,70.3,15
MILLBURN::::CL.NY.J.2025,2025-03-02T19:58:00.000000000-0500,70.3,2,70.29,7
MILLBURN::::CL.NY.J.2025,2025-03-02T19:59:00.000000000-0500,70.3,2,70.29,18
MILLBURN::::CL.NY.J.2025,2025-03-02T20:00:00.000000000-0500,70.35,4,70.34,2
MILLBURN::::CL.NY.J.2025,2025-03-02T20:01:00.000000000-0500,70.39,4,70.37,11
MILLBURN::::CL.NY.J.2025,2025-03-02T20:02:00.000000000-0500,70.39,17,70.38,10
MILLBURN::::CL.NY.J.2025,2025-03-02T20:03:00.000000000-0500,70.43,8,70.41,15
MILLBURN::::CL.NY.J.2025,2025-03-02T20:04:00.000000000-0500,70.43,4,70.42,7
MILLBURN::::CL.NY.J.2025,2025-03-02T20:05:00.000000000-0500,70.47,5,70.46,18
MILLBURN::::CL.NY.J.2025,2025-03-02T20:06:00.000000000-0500,70.44,7,70.43,7
MILLBURN::::CL.NY.J.2025,2025-03-02T20:07:00.000000000-0500,70.44,6,70.43,3
MILLBURN::::CL.NY.J.2025,2025-03-02T20:08:00.000000000-0500,70.43,1,70.42,14
MILLBURN::::CL.NY.J.2025,2025-03-02T20:09:00.000000000-0500,70.43,3,70.42,10
MILLBURN::::CL.NY.J.2025,2025-03-02T20:10:00.000000000-0500,70.43,5,70.42,12
MILLBURN::::CL.NY.J.2025,2025-03-02T20:11:00.000000000-0500,70.44,5,70.43,4
MILLBURN::::CL.NY.J.2025,2025-03-02T20:12:00.000000000-0500,70.44,13,70.43,11
MILLBURN::::CL.NY.J.2025,2025-03-02T20:13:00.000000000-0500,70.44,3,70.43,10
MILLBURN::::CL.NY.J.2025,2025-03-02T20:14:00.000000000-0500,70.44,2,70.43,12
MILLBURN::::CL.NY.J.2025,2025-03-02T20:15:00.000000000-0500,70.46,5,70.45,9
MILLBURN::::CL.NY.J.2025,2025-03-02T20:16:00.000000000-0500,70.44,4,70.43,3
MILLBURN::::CL.NY.J.2025,2025-03-02T20:17:00.000000000-0500,70.44,3,70.43,6
MILLBURN::::CL.NY.J.2025,2025-03-02T20:18:00.000000000-0500,70.46,9,70.45,5
MILLBURN::::CL.NY.J.2025,2025-03-02T20:19:00.000000000-0500,70.49,8,70.48,9
MILLBURN::::CL.NY.J.2025,2025-03-02T20:20:00.000000000-0500,70.5,26,70.49,13
MILLBURN::::CL.NY.J.2025,2025-03-02T20:21:00.000000000-0500,70.52,39,70.51,1
MILLBURN::::CL.NY.J.2025,2025-03-02T20:22:00.000000000-0500,70.52,3,70.51,13
MILLBURN::::CL.NY.J.2025,2025-03-02T20:23:00.000000000-0500,70.5,6,70.49,3
MILLBURN::::CL.NY.J.2025,2025-03-02T20:24:00.000000000-0500,70.51,2,70.5,12
MILLBURN::::CL.NY.J.2025,2025-03-02T20:25:00.000000000-0500,70.51,8,70.5,12
MILLBURN::::CL.NY.J.2025,2025-03-02T20:26:00.000000000-0500,70.51,8,70.5,2
MILLBURN::::CL.NY.J.2025,2025-03-02T20:27:00.000000000-0500,70.51,5,70.5,5
MILLBURN::::CL.NY.J.2025,2025-03-02T20:28:00.000000000-0500,70.53,7,70.52,8
MILLBURN::::CL.NY.J.2025,2025-03-02T20:29:00.000000000-0500,70.5,8,70.49,5
MILLBURN::::CL.NY.J.2025,2025-03-02T20:30:00.000000000-0500,70.5,8,70.49,2
MILLBURN::::CL.NY.J.2025,2025-03-02T20:31:00.000000000-0500,70.5,4,70.49,11
MILLBURN::::CL.NY.J.2025,2025-03-02T20:32:00.000000000-0500,70.48,6,70.47,6
MILLBURN::::CL.NY.J.2025,2025-03-02T20:33:00.000000000-0500,70.51,8,70.5,1
MILLBURN::::CL.NY.J.2025,2025-03-02T20:34:00.000000000-0500,70.49,2,70.48,5
MILLBURN::::CL.NY.J.2025,2025-03-02T20:35:00.000000000-0500,70.5,12,70.48,11
MILLBURN::::CL.NY.J.2025,2025-03-02T20:36:00.000000000-0500,70.5,15,70.48,9
MILLBURN::::CL.NY.J.2025,2025-03-02T20:37:00.000000000-0500,70.5,10,70.49,8
MILLBURN::::CL.NY.J.2025,2025-03-02T20:38:00.000000000-0500,70.47,15,70.46,3
MILLBURN::::CL.NY.J.2025,2025-03-02T20:39:00.000000000-0500,70.49,2,70.48,8
MILLBURN::::CL.NY.J.2025,2025-03-02T20:40:00.000000000-0500,70.48,13,70.46,9
MILLBURN::::CL.NY.J.2025,2025-03-02T20:41:00.000000000-0500,70.47,11,70.46,3
MILLBURN::::CL.NY.J.2025,2025-03-02T20:42:00.000000000-0500,70.46,2,70.45,12
MILLBURN::::CL.NY.J.2025,2025-03-02T20:43:00.000000000-0500,70.46,5,70.45,4
MILLBURN::::CL.NY.J.2025,2025-03-02T20:44:00.000000000-0500,70.43,9,70.42,2
MILLBURN::::CL.NY.J.2025,2025-03-02T20:45:00.000000000-0500,70.41,11,70.4,3
MILLBURN::::CL.NY.J.2025,2025-03-02T20:46:00.000000000-0500,70.44,15,70.43,9
MILLBURN::::CL.NY.J.2025,2025-03-02T20:47:00.000000000-0500,70.44,11,70.43,7
MILLBURN::::CL.NY.J.2025,2025-03-02T20:48:00.000000000-0500,70.47,4,70.46,9
MILLBURN::::CL.NY.J.2025,2025-03-02T20:49:00.000000000-0500,70.47,9,70.45,15
MILLBURN::::CL.NY.J.2025,2025-03-02T20:50:00.000000000-0500,70.48,19,70.47,5
MILLBURN::::CL.NY.J.2025,2025-03-02T20:51:00.000000000-0500,70.47,4,70.46,9
MILLBURN::::CL.NY.J.2025,2025-03-02T20:52:00.000000000-0500,70.49,15,70.48,7
MILLBURN::::CL.NY.J.2025,2025-03-02T20:53:00.000000000-0500,70.5,11,70.49,7
MILLBURN::::CL.NY.J.2025,2025-03-02T20:54:00.000000000-0500,70.49,12,70.48,9
MILLBURN::::CL.NY.J.2025,2025-03-02T20:55:00.000000000-0500,70.5,11,70.49,9
MILLBURN::::CL.NY.J.2025,2025-03-02T20:56:00.000000000-0500,70.5,20,70.48,12
MILLBURN::::CL.NY.J.2025,2025-03-02T20:57:00.000000000-0500,70.51,26,70.5,4
MILLBURN::::CL.NY.J.2025,2025-03-02T20:58:00.000000000-0500,70.5,13,70.49,13
MILLBURN::::CL.NY.J.2025,2025-03-02T20:59:00.000000000-0500,70.48,9,70.47,6
MILLBURN::::CL.NY.J.2025,2025-03-02T21:00:00.000000000-0500,70.51,6,70.5,9
MILLBURN::::CL.NY.J.2025,2025-03-02T21:01:00.000000000-0500,70.51,7,70.5,9
MILLBURN::::CL.NY.J.2025,2025-03-02T21:02:00.000000000-0500,70.51,16,70.5,1
MILLBURN::::CL.NY.J.2025,2025-03-02T21:03:00.000000000-0500,70.51,3,70.5,10
MILLBURN::::CL.NY.J.2025,2025-03-02T21:04:00.000000000-0500,70.51,14,70.5,12
MILLBURN::::CL.NY.J.2025,2025-03-02T21:05:00.000000000-0500,70.52,12,70.51,6
MILLBURN::::CL.NY.J.2025,2025-03-02T21:06:00.000000000-0500,70.52,10,70.51,4
MILLBURN::::CL.NY.J.2025,2025-03-02T21:07:00.000000000-0500,70.56,5,70.55,7
MILLBURN::::CL.NY.J.2025,2025-03-02T21:08:00.000000000-0500,70.55,9,70.54,6
MILLBURN::::CL.NY.J.2025,2025-03-02T21:09:00.000000000-0500,70.59,2,70.58,10
MILLBURN::::CL.NY.J.2025,2025-03-02T21:10:00.000000000-0500,70.57,7,70.56,10
MILLBURN::::CL.NY.J.2025,2025-03-02T21:11:00.000000000-0500,70.57,8,70.56,7
MILLBURN::::CL.NY.J.2025,2025-03-02T21:12:00.000000000-0500,70.55,5,70.54,14
MILLBURN::::CL.NY.J.2025,2025-03-02T21:13:00.000000000-0500,70.54,9,70.53,4
MILLBURN::::CL.NY.J.2025,2025-03-02T21:14:00.000000000-0500,70.54,12,70.52,18
MILLBURN::::CL.NY.J.2025,2025-03-02T21:15:00.000000000-0500,70.55,1,70.54,20
MILLBURN::::CL.NY.J.2025,2025-03-02T21:16:00.000000000-0500,70.55,12,70.54,8
MILLBURN::::CL.NY.J.2025,2025-03-02T21:17:00.000000000-0500,70.51,6,70.5,7
MILLBURN::::CL.NY.J.2025,2025-03-02T21:18:00.000000000-0500,70.51,7,70.5,5
MILLBURN::::CL.NY.J.2025,2025-03-02T21:19:00.000000000-0500,70.54,17,70.52,7
MILLBURN::::CL.NY.J.2025,2025-03-02T21:20:00.000000000-0500,70.53,5,70.52,6
MILLBURN::::CL.NY.J.2025,2025-03-02T21:21:00.000000000-0500,70.52,9,70.51,3
MILLBURN::::CL.NY.J.2025,2025-03-02T21:22:00.000000000-0500,70.53,7,70.52,6
MILLBURN::::CL.NY.J.2025,2025-03-02T21:23:00.000000000-0500,70.53,9,70.52,4
MILLBURN::::CL.NY.J.2025,2025-03-02T21:24:00.000000000-0500,70.53,11,70.51,13
MILLBURN::::CL.NY.J.2025,2025-03-02T21:25:00.000000000-0500,70.53,9,70.52,3
MILLBURN::::CL.NY.J.2025,2025-03-02T21:26:00.000000000-0500,70.5,10,70.49,7
MILLBURN::::CL.NY.J.2025,2025-03-02T21:27:00.000000000-0500,70.51,12,70.49,16
MILLBURN::::CL.NY.J.2025,2025-03-02T21:28:00.000000000-0500,70.5,3,70.49,9
MILLBURN::::CL.NY.J.2025,2025-03-02T21:29:00.000000000-0500,70.51,17,70.5,1
MILLBURN::::CL.NY.J.2025,2025-03-02T21:30:00.000000000-0500,70.52,6,70.51,5
MILLBURN::::CL.NY.J.2025,2025-03-02T21:31:00.000000000-0500,70.5,9,70.49,3
MILLBURN::::CL.NY.J.2025,2025-03-02T21:32:00.000000000-0500,70.48,2,70.47,15
MILLBURN::::CL.NY.J.2025,2025-03-02T21:33:00.000000000-0500,70.47,10,70.46,3
MILLBURN::::CL.NY.J.2025,2025-03-02T21:34:00.000000000-0500,70.45,4,70.44,16
MILLBURN::::CL.NY.J.2025,2025-03-02T21:35:00.000000000-0500,70.43,8,70.42,6
MILLBURN::::CL.NY.J.2025,2025-03-02T21:36:00.000000000-0500,70.44,17,70.43,2
MILLBURN::::CL.NY.J.2025,2025-03-02T21:37:00.000000000-0500,70.4,2,70.39,10
MILLBURN::::CL.NY.J.2025,2025-03-02T21:38:00.000000000-0500,70.42,11,70.41,8
MILLBURN::::CL.NY.J.2025,2025-03-02T21:39:00.000000000-0500,70.39,5,70.38,17
MILLBURN::::CL.NY.J.2025,2025-03-02T21:40:00.000000000-0500,70.38,9,70.37,9
MILLBURN::::CL.NY.J.2025,2025-03-02T21:41:00.000000000-0500,70.38,17,70.36,11
MILLBURN::::CL.NY.J.2025,2025-03-02T21:42:00.000000000-0500,70.39,5,70.38,5
MILLBURN::::CL.NY.J.2025,2025-03-02T21:43:00.000000000-0500,70.39,2,70.38,10
MILLBURN::::CL.NY.J.2025,2025-03-02T21:44:00.000000000-0500,70.39,4,70.38,7
MILLBURN::::CL.NY.J.2025,2025-03-02T21:45:00.000000000-0500,70.42,13,70.41,2
MILLBURN::::CL.NY.J.2025,2025-03-02T21:46:00.000000000-0500,70.42,22,70.4,10
MILLBURN::::CL.NY.J.2025,2025-03-02T21:47:00.000000000-0500,70.39,3,70.38,10
MILLBURN::::CL.NY.J.2025,2025-03-02T21:48:00.000000000-0500,70.37,3,70.36,13
MILLBURN::::CL.NY.J.2025,2025-03-02T21:49:00.000000000-0500,70.34,10,70.33,5
MILLBURN::::CL.NY.J.2025,2025-03-02T21:50:00.000000000-0500,70.35,7,70.34,5
MILLBURN::::CL.NY.J.2025,2025-03-02T21:51:00.000000000-0500,70.35,6,70.34,7
MILLBURN::::CL.NY.J.2025,2025-03-02T21:52:00.000000000-0500,70.35,9,70.34,4
MILLBURN::::CL.NY.J.2025,2025-03-02T21:53:00.000000000-0500,70.35,4,70.34,16
MILLBURN::::CL.NY.J.2025,2025-03-02T21:54:00.000000000-0500,70.36,11,70.35,2
MILLBURN::::CL.NY.J.2025,2025-03-02T21:55:00.000000000-0500,70.33,10,70.32,2
MILLBURN::::CL.NY.J.2025,2025-03-02T21:56:00.000000000-0500,70.32,10,70.31,6
MILLBURN::::CL.NY.J.2025,2025-03-02T21:57:00.000000000-0500,70.32,7,70.31,7
MILLBURN::::CL.NY.J.2025,2025-03-02T21:58:00.000000000-0500,70.3,1,70.29,17
MILLBURN::::CL.NY.J.2025,2025-03-02T21:59:00.000000000-0500,70.29,4,70.28,9
MILLBURN::::CL.NY.J.2025,2025-03-02T22:00:00.000000000-0500,70.3,7,70.29,9
MILLBURN::::CL.NY.J.2025,2025-03-02T22:01:00.000000000-0500,70.28,4,70.27,13
MILLBURN::::CL.NY.J.2025,2025-03-02T22:02:00.000000000-0500,70.27,15,70.26,6
MILLBURN::::CL.NY.J.2025,2025-03-02T22:03:00.000000000-0500,70.24,1,70.23,14
MILLBURN::::CL.NY.J.2025,2025-03-02T22:04:00.000000000-0500,70.25,19,70.24,5
MILLBURN::::CL.NY.J.2025,2025-03-02T22:05:00.000000000-0500,70.25,11,70.23,13
MILLBURN::::CL.NY.J.2025,2025-03-02T22:06:00.000000000-0500,70.25,6,70.24,5
MILLBURN::::CL.NY.J.2025,2025-03-02T22:07:00.000000000-0500,70.23,5,70.22,9
MILLBURN::::CL.NY.J.2025,2025-03-02T22:08:00.000000000-0500,70.23,6,70.22,7
MILLBURN::::CL.NY.J.2025,2025-03-02T22:09:00.000000000-0500,70.24,7,70.23,7
MILLBURN::::CL.NY.J.2025,2025-03-02T22:10:00.000000000-0500,70.25,10,70.24,7
MILLBURN::::CL.NY.J.2025,2025-03-02T22:11:00.000000000-0500,70.23,6,70.22,13
MILLBURN::::CL.NY.J.2025,2025-03-02T22:12:00.000000000-0500,70.23,4,70.22,9
MILLBURN::::CL.NY.J.2025,2025-03-02T22:13:00.000000000-0500,70.22,11,70.21,12
MILLBURN::::CL.NY.J.2025,2025-03-02T22:14:00.000000000-0500,70.19,24,70.17,11
MILLBURN::::CL.NY.J.2025,2025-03-02T22:15:00.000000000-0500,70.21,10,70.2,2
MILLBURN::::CL.NY.J.2025,2025-03-02T22:16:00.000000000-0500,70.2,10,70.19,5
MILLBURN::::CL.NY.J.2025,2025-03-02T22:17:00.000000000-0500,70.2,12,70.18,14
MILLBURN::::CL.NY.J.2025,2025-03-02T22:18:00.000000000-0500,70.15,8,70.14,5
MILLBURN::::CL.NY.J.2025,2025-03-02T22:19:00.000000000-0500,70.15,9,70.14,7
MILLBURN::::CL.NY.J.2025,2025-03-02T22:20:00.000000000-0500,70.1,13,70.09,2
MILLBURN::::CL.NY.J.2025,2025-03-02T22:21:00.000000000-0500,70.08,10,70.07,8
MILLBURN::::CL.NY.J.2025,2025-03-02T22:22:00.000000000-0500,70.1,8,70.09,7
MILLBURN::::CL.NY.J.2025,2025-03-02T22:23:00.000000000-0500,70.1,2,70.09,12
MILLBURN::::CL.NY.J.2025,2025-03-02T22:24:00.000000000-0500,70.1,13,70.09,2
MILLBURN::::CL.NY.J.2025,2025-03-02T22:25:00.000000000-0500,70.11,14,70.1,6
MILLBURN::::CL.NY.J.2025,2025-03-02T22:26:00.000000000-0500,70.08,6,70.07,8
MILLBURN::::CL.NY.J.2025,2025-03-02T22:27:00.000000000-0500,70.06,19,70.04,10
MILLBURN::::CL.NY.J.2025,2025-03-02T22:28:00.000000000-0500,70.07,21,70.06,4
MILLBURN::::CL.NY.J.2025,2025-03-02T22:29:00.000000000-0500,70.08,4,70.07,7
MILLBURN::::CL.NY.J.2025,2025-03-02T22:30:00.000000000-0500,70.11,8,70.1,7
MILLBURN::::CL.NY.J.2025,2025-03-02T22:31:00.000000000-0500,70.13,4,70.12,7
MILLBURN::::CL.NY.J.2025,2025-03-02T22:32:00.000000000-0500,70.1,1,70.09,11
MILLBURN::::CL.NY.J.2025,2025-03-02T22:33:00.000000000-0500,70.09,8,70.08,13
MILLBURN::::CL.NY.J.2025,2025-03-02T22:34:00.000000000-0500,70.1,8,70.09,10
MILLBURN::::CL.NY.J.2025,2025-03-02T22:35:00.000000000-0500,70.13,1,70.12,12
MILLBURN::::CL.NY.J.2025,2025-03-02T22:36:00.000000000-0500,70.13,11,70.12,5
MILLBURN::::CL.NY.J.2025,2025-03-02T22:37:00.000000000-0500,70.13,10,70.12,4
MILLBURN::::CL.NY.J.2025,2025-03-02T22:38:00.000000000-0500,70.14,5,70.13,9
MILLBURN::::CL.NY.J.2025,2025-03-02T22:39:00.000000000-0500,70.14,7,70.13,8
MILLBURN::::CL.NY.J.2025,2025-03-02T22:40:00.000000000-0500,70.16,7,70.15,5
MILLBURN::::CL.NY.J.2025,2025-03-02T22:41:00.000000000-0500,70.15,7,70.14,6
MILLBURN::::CL.NY.J.2025,2025-03-02T22:42:00.000000000-0500,70.15,1,70.14,7
MILLBURN::::CL.NY.J.2025,2025-03-02T22:43:00.000000000-0500,70.16,10,70.15,3
MILLBURN::::CL.NY.J.2025,2025-03-02T22:44:00.000000000-0500,70.17,6,70.16,8
MILLBURN::::CL.NY.J.2025,2025-03-02T22:45:00.000000000-0500,70.18,6,70.17,7
MILLBURN::::CL.NY.J.2025,2025-03-02T22:46:00.000000000-0500,70.18,6,70.17,12
MILLBURN::::CL.NY.J.2025,2025-03-02T22:47:00.000000000-0500,70.18,11,70.17,4
MILLBURN::::CL.NY.J.2025,2025-03-02T22:48:00.000000000-0500,70.17,3,70.16,7
MILLBURN::::CL.NY.J.2025,2025-03-02T22:49:00.000000000-0500,70.16,12,70.15,2
MILLBURN::::CL.NY.J.2025,2025-03-02T22:50:00.000000000-0500,70.17,23,70.15,12
MILLBURN::::CL.NY.J.2025,2025-03-02T22:51:00.000000000-0500,70.18,9,70.17,12
MILLBURN::::CL.NY.J.2025,2025-03-02T22:52:00.000000000-0500,70.18,10,70.17,14
MILLBURN::::CL.NY.J.2025,2025-03-02T22:53:00.000000000-0500,70.19,6,70.18,10
MILLBURN::::CL.NY.J.2025,2025-03-02T22:54:00.000000000-0500,70.19,5,70.18,10
MILLBURN::::CL.NY.J.2025,2025-03-02T22:55:00.000000000-0500,70.2,8,70.19,25
MILLBURN::::CL.NY.J.2025,2025-03-02T22:56:00.000000000-0500,70.2,25,70.19,1
MILLBURN::::CL.NY.J.2025,2025-03-02T22:57:00.000000000-0500,70.2,21,70.18,13
MILLBURN::::CL.NY.J.2025,2025-03-02T22:58:00.000000000-0500,70.2,9,70.19,16
MILLBURN::::CL.NY.J.2025,2025-03-02T22:59:00.000000000-0500,70.2,11,70.19,10
MILLBURN::::CL.NY.J.2025,2025-03-02T23:00:00.000000000-0500,70.16,4,70.15,10
MILLBURN::::CL.NY.J.2025,2025-03-02T23:01:00.000000000-0500,70.16,9,70.15,3
MILLBURN::::CL.NY.J.2025,2025-03-02T23:02:00.000000000-0500,70.17,6,70.16,7
MILLBURN::::CL.NY.J.2025,2025-03-02T23:03:00.000000000-0500,70.19,5,70.18,5
MILLBURN::::CL.NY.J.2025,2025-03-02T23:04:00.000000000-0500,70.19,8,70.18,5
MILLBURN::::CL.NY.J.2025,2025-03-02T23:05:00.000000000-0500,70.19,7,70.18,5
MILLBURN::::CL.NY.J.2025,2025-03-02T23:06:00.000000000-0500,70.19,5,70.18,9
MILLBURN::::CL.NY.J.2025,2025-03-02T23:07:00.000000000-0500,70.19,6,70.18,9
MILLBURN::::CL.NY.J.2025,2025-03-02T23:08:00.000000000-0500,70.18,5,70.17,9
MILLBURN::::CL.NY.J.2025,2025-03-02T23:09:00.000000000-0500,70.16,6,70.15,4
MILLBURN::::CL.NY.J.2025,2025-03-02T23:10:00.000000000-0500,70.17,8,70.16,8
MILLBURN::::CL.NY.J.2025,2025-03-02T23:11:00.000000000-0500,70.18,10,70.17,6
MILLBURN::::CL.NY.J.2025,2025-03-02T23:12:00.000000000-0500,70.17,3,70.16,8
MILLBURN::::CL.NY.J.2025,2025-03-02T23:13:00.000000000-0500,70.19,13,70.17,11
MILLBURN::::CL.NY.J.2025,2025-03-02T23:14:00.000000000-0500,70.19,14,70.17,13
MILLBURN::::CL.NY.J.2025,2025-03-02T23:15:00.000000000-0500,70.18,8,70.17,7
MILLBURN::::CL.NY.J.2025,2025-03-02T23:16:00.000000000-0500,70.17,6,70.16,8
MILLBURN::::CL.NY.J.2025,2025-03-02T23:17:00.000000000-0500,70.17,13,70.16,4
MILLBURN::::CL.NY.J.2025,2025-03-02T23:18:00.000000000-0500,70.17,5,70.16,7
MILLBURN::::CL.NY.J.2025,2025-03-02T23:19:00.000000000-0500,70.18,12,70.17,3
MILLBURN::::CL.NY.J.2025,2025-03-02T23:20:00.000000000-0500,70.18,14,70.16,13
MILLBURN::::CL.NY.J.2025,2025-03-02T23:21:00.000000000-0500,70.18,14,70.16,12
MILLBURN::::CL.NY.J.2025,2025-03-02T23:22:00.000000000-0500,70.17,14,70.16,10
MILLBURN::::CL.NY.J.2025,2025-03-02T23:23:00.000000000-0500,70.17,8,70.16,10
MILLBURN::::CL.NY.J.2025,2025-03-02T23:24:00.000000000-0500,70.17,8,70.16,9
MILLBURN::::CL.NY.J.2025,2025-03-02T23:25:00.000000000-0500,70.16,4,70.15,9
MILLBURN::::CL.NY.J.2025,2025-03-02T23:26:00.000000000-0500,70.1,6,70.09,10
MILLBURN::::CL.NY.J.2025,2025-03-02T23:27:00.000000000-0500,70.09,17,70.08,2
MILLBURN::::CL.NY.J.2025,2025-03-02T23:28:00.000000000-0500,70.1,42,70.09,9
MILLBURN::::CL.NY.J.2025,2025-03-02T23:29:00.000000000-0500,70.1,43,70.09,11
MILLBURN::::CL.NY.J.2025,2025-03-02T23:30:00.000000000-0500,70.08,3,70.07,13
MILLBURN::::CL.NY.J.2025,2025-03-02T23:31:00.000000000-0500,70.09,4,70.08,15
MILLBURN::::CL.NY.J.2025,2025-03-02T23:32:00.000000000-0500,70.1,13,70.08,11
MILLBURN::::CL.NY.J.2025,2025-03-02T23:33:00.000000000-0500,70.09,7,70.08,8
MILLBURN::::CL.NY.J.2025,2025-03-02T23:34:00.000000000-0500,70.08,11,70.07,5
MILLBURN::::CL.NY.J.2025,2025-03-02T23:35:00.000000000-0500,70.09,10,70.08,5
MILLBURN::::CL.NY.J.2025,2025-03-02T23:36:00.000000000-0500,70.09,2,70.08,13
MILLBURN::::CL.NY.J.2025,2025-03-02T23:37:00.000000000-0500,70.11,3,70.1,11
MILLBURN::::CL.NY.J.2025,2025-03-02T23:38:00.000000000-0500,70.1,1,70.09,13
MILLBURN::::CL.NY.J.2025,2025-03-02T23:39:00.000000000-0500,70.1,5,70.09,9
MILLBURN::::CL.NY.J.2025,2025-03-02T23:40:00.000000000-0500,70.09,2,70.08,14
MILLBURN::::CL.NY.J.2025,2025-03-02T23:41:00.000000000-0500,70.11,19,70.1,2
MILLBURN::::CL.NY.J.2025,2025-03-02T23:42:00.000000000-0500,70.12,7,70.11,8
MILLBURN::::CL.NY.J.2025,2025-03-02T23:43:00.000000000-0500,70.12,4,70.11,6
MILLBURN::::CL.NY.J.2025,2025-03-02T23:44:00.000000000-0500,70.12,8,70.11,7
MILLBURN::::CL.NY.J.2025,2025-03-02T23:45:00.000000000-0500,70.12,7,70.11,6
MILLBURN::::CL.NY.J.2025,2025-03-02T23:46:00.000000000-0500,70.13,22,70.11,11
MILLBURN::::CL.NY.J.2025,2025-03-02T23:47:00.000000000-0500,70.15,19,70.14,7
MILLBURN::::CL.NY.J.2025,2025-03-02T23:48:00.000000000-0500,70.16,1,70.15,10
MILLBURN::::CL.NY.J.2025,2025-03-02T23:49:00.000000000-0500,70.16,10,70.15,9
MILLBURN::::CL.NY.J.2025,2025-03-02T23:50:00.000000000-0500,70.15,3,70.14,9
MILLBURN::::CL.NY.J.2025,2025-03-02T23:51:00.000000000-0500,70.16,10,70.15,5
MILLBURN::::CL.NY.J.2025,2025-03-02T23:52:00.000000000-0500,70.16,20,70.14,12
MILLBURN::::CL.NY.J.2025,2025-03-02T23:53:00.000000000-0500,70.14,4,70.13,8
MILLBURN::::CL.NY.J.2025,2025-03-02T23:54:00.000000000-0500,70.15,3,70.14,9
MILLBURN::::CL.NY.J.2025,2025-03-02T23:55:00.000000000-0500,70.15,3,70.14,9
MILLBURN::::CL.NY.J.2025,2025-03-02T23:56:00.000000000-0500,70.15,2,70.14,8
MILLBURN::::CL.NY.J.2025,2025-03-02T23:57:00.000000000-0500,70.16,10,70.15,4
MILLBURN::::CL.NY.J.2025,2025-03-02T23:58:00.000000000-0500,70.15,10,70.14,10
MILLBURN::::CL.NY.J.2025,2025-03-02T23:59:00.000000000-0500,70.14,6,70.13,11
MILLBURN::::GO.NY.J.2025,2025-03-02T17:39:00.000000000-0500,2867.4,1,2867.4,1
MILLBURN::::GO.NY.J.2025,2025-03-02T17:46:00.000000000-0500,2867.5,2,2867.5,2
MILLBURN::::GO.NY.J.2025,2025-03-02T17:51:00.000000000-0500,2867.5,4,2867.5,4
MILLBURN::::GO.NY.J.2025,2025-03-02T17:52:00.000000000-0500,2867.5,5,2867.5,4
MILLBURN::::GO.NY.J.2025,2025-03-02T17:53:00.000000000-0500,2868.3,30,2868.3,26
MILLBURN::::GO.NY.J.2025,2025-03-02T17:54:00.000000000-0500,2868.3,31,2868.3,36
MILLBURN::::GO.NY.J.2025,2025-03-02T17:55:00.000000000-0500,2872.0,35,2872.0,1
MILLBURN::::GO.NY.J.2025,2025-03-02T17:56:00.000000000-0500,2872.0,31,2872.0,26
MILLBURN::::GO.NY.J.2025,2025-03-02T17:57:00.000000000-0500,2872.0,52,2872.0,26
MILLBURN::::GO.NY.J.2025,2025-03-02T17:58:00.000000000-0500,2872.0,58,2872.0,26
MILLBURN::::GO.NY.J.2025,2025-03-02T17:59:00.000000000-0500,2872.0,73,2872.0,39
MILLBURN::::GO.NY.J.2025,2025-03-02T18:00:00.000000000-0500,2872.0,1,2871.3,2
MILLBURN::::GO.NY.J.2025,2025-03-02T18:01:00.000000000-0500,2877.6,2,2877.0,2
MILLBURN::::GO.NY.J.2025,2025-03-02T18:02:00.000000000-0500,2883.9,1,2883.5,1
MILLBURN::::GO.NY.J.2025,2025-03-02T18:03:00.000000000-0500,2885.4,4,2884.9,2
MILLBURN::::GO.NY.J.2025,2025-03-02T18:04:00.000000000-0500,2884.6,1,2884.2,2
MILLBURN::::GO.NY.J.2025,2025-03-02T18:05:00.000000000-0500,2881.1,1,2880.7,4
MILLBURN::::GO.NY.J.2025,2025-03-02T18:06:00.000000000-0500,2883.9,5,2883.5,3
MILLBURN::::GO.NY.J.2025,2025-03-02T18:07:00.000000000-0500,2882.2,2,2881.8,2
MILLBURN::::GO.NY.J.2025,2025-03-02T18:08:00.000000000-0500,2884.5,1,2884.3,3
MILLBURN::::GO.NY.J.2025,2025-03-02T18:09:00.000000000-0500,2885.1,3,2884.8,2
MILLBURN::::GO.NY.J.2025,2025-03-02T18:10:00.000000000-0500,2886.6,1,2886.4,1
MILLBURN::::GO.NY.J.2025,2025-03-02T18:11:00.000000000-0500,2886.0,2,2885.7,4
MILLBURN::::GO.NY.J.2025,2025-03-02T18:12:00.000000000-0500,2884.1,1,2883.9,2
MILLBURN::::GO.NY.J.2025,2025-03-02T18:13:00.000000000-0500,2885.0,1,2884.8,2
MILLBURN::::GO.NY.J.2025,2025-03-02T18:14:00.000000000-0500,2884.1,1,2884.0,2
MILLBURN::::GO.NY.J.2025,2025-03-02T18:15:00.000000000-0500,2883.6,4,2883.4,1
MILLBURN::::GO.NY.J.2025,2025-03-02T18:16:00.000000000-0500,2884.6,4,2884.4,4
MILLBURN::::GO.NY.J.2025,2025-03-02T18:17:00.000000000-0500,2883.7,1,2883.5,1
MILLBURN::::GO.NY.J.2025,2025-03-02T18:18:00.000000000-0500,2884.8,1,2884.6,3
MILLBURN::::GO.NY.J.2025,2025-03-02T18:19:00.000000000-0500,2885.5,1,2885.3,1
MILLBURN::::GO.NY.J.2025,2025-03-02T18:20:00.000000000-0500,2885.5,5,2885.1,3
MILLBURN::::GO.NY.J.2025,2025-03-02T18:21:00.000000000-0500,2882.4,3,2882.2,2
MILLBURN::::GO.NY.J.2025,2025-03-02T18:22:00.000000000-0500,2883.0,2,2882.7,4
MILLBURN::::GO.NY.J.2025,2025-03-02T18:23:00.000000000-0500,2881.2,1,2880.8,3
MILLBURN::::GO.NY.J.2025,2025-03-02T18:24:00.000000000-0500,2881.1,2,2880.8,2
MILLBURN::::GO.NY.J.2025,2025-03-02T18:25:00.000000000-0500,2881.1,1,2880.9,1
MILLBURN::::GO.NY.J.2025,2025-03-02T18:26:00.000000000-0500,2882.4,3,2882.1,1
MILLBURN::::GO.NY.J.2025,2025-03-02T18:27:00.000000000-0500,2882.2,1,2882.0,1
MILLBURN::::GO.NY.J.2025,2025-03-02T18:28:00.000000000-0500,2882.3,1,2882.0,2
MILLBURN::::GO.NY.J.2025,2025-03-02T18:29:00.000000000-0500,2882.0,2,2881.8,3
MILLBURN::::GO.NY.J.2025,2025-03-02T18:30:00.000000000-0500,2881.8,1,2881.6,1
MILLBURN::::GO.NY.J.2025,2025-03-02T18:31:00.000000000-0500,2880.9,2,2880.7,1
MILLBURN::::GO.NY.J.2025,2025-03-02T18:32:00.000000000-0500,2881.6,2,2881.3,4
MILLBURN::::GO.NY.J.2025,2025-03-02T18:33:00.000000000-0500,2881.5,3,2881.3,1
MILLBURN::::GO.NY.J.2025,2025-03-02T18:34:00.000000000-0500,2882.9,2,2882.7,1
MILLBURN::::GO.NY.J.2025,2025-03-02T18:35:00.000000000-0500,2883.3,3,2883.0,3
MILLBURN::::GO.NY.J.2025,2025-03-02T18:36:00.000000000-0500,2883.0,2,2882.8,5
MILLBURN::::GO.NY.J.2025,2025-03-02T18:37:00.000000000-0500,2883.1,1,2882.9,6
MILLBURN::::GO.NY.J.2025,2025-03-02T18:38:00.000000000-0500,2882.7,4,2882.5,1
MILLBURN::::GO.NY.J.2025,2025-03-02T18:39:00.000000000-0500,2882.8,2,2882.6,2
MILLBURN::::GO.NY.J.2025,2025-03-02T18:40:00.000000000-0500,2883.2,1,2883.0,2
MILLBURN::::GO.NY.J.2025,2025-03-02T18:41:00.000000000-0500,2883.3,2,2883.2,1
MILLBURN::::GO.NY.J.2025,2025-03-02T18:42:00.000000000-0500,2882.3,2,2882.1,2
MILLBURN::::GO.NY.J.2025,2025-03-02T18:43:00.000000000-0500,2882.9,3,2882.7,4
MILLBURN::::GO.NY.J.2025,2025-03-02T18:44:00.000000000-0500,2883.0,3,2882.7,1
MILLBURN::::GO.NY.J.2025,2025-03-02T18:45:00.000000000-0500,2883.1,1,2883.0,1
MILLBURN::::GO.NY.J.2025,2025-03-02T18:46:00.000000000-0500,2878.3,1,2878.0,1
MILLBURN::::GO.NY.J.2025,2025-03-02T18:47:00.000000000-0500,2877.0,1,2876.8,1
MILLBURN::::GO.NY.J.2025,2025-03-02T18:48:00.000000000-0500,2878.7,1,2878.5,2
MILLBURN::::GO.NY.J.2025,2025-03-02T18:49:00.000000000-0500,2876.7,2,2876.6,1
MILLBURN::::GO.NY.J.2025,2025-03-02T18:50:00.000000000-0500,2877.4,2,2877.2,3
MILLBURN::::GO.NY.J.2025,2025-03-02T18:51:00.000000000-0500,2878.5,1,2878.3,1
MILLBURN::::GO.NY.J.2025,2025-03-02T18:52:00.000000000-0500,2878.7,1,2878.5,2
MILLBURN::::GO.NY.J.2025,2025-03-02T18:53:00.000000000-0500,2878.8,1,2878.6,2
MILLBURN::::GO.NY.J.2025,2025-03-02T18:54:00.000000000-0500,2878.9,3,2878.7,2
MILLBURN::::GO.NY.J.2025,2025-03-02T18:55:00.000000000-0500,2879.1,4,2879.0,7
MILLBURN::::GO.NY.J.2025,2025-03-02T18:56:00.000000000-0500,2879.6,2,2879.3,2
MILLBURN::::GO.NY.J.2025,2025-03-02T18:57:00.000000000-0500,2881.0,2,2880.9,1
MILLBURN::::GO.NY.J.2025,2025-03-02T18:58:00.000000000-0500,2882.2,3,2882.0,8
MILLBURN::::GO.NY.J.2025,2025-03-02T18:59:00.000000000-0500,2882.6,3,2882.3,2
MILLBURN::::GO.NY.J.2025,2025-03-02T19:00:00.000000000-0500,2880.6,2,2880.3,2
MILLBURN::::GO.NY.J.2025,2025-03-02T19:01:00.000000000-0500,2880.9,6,2880.6,1
MILLBURN::::GO.NY.J.2025,2025-03-02T19:02:00.000000000-0500,2880.4,1,2880.2,3
MILLBURN::::GO.NY.J.2025,2025-03-02T19:03:00.000000000-0500,2880.6,3,2880.4,1
MILLBURN::::GO.NY.J.2025,2025-03-02T19:04:00.000000000-0500,2879.9,2,2879.7,2
MILLBURN::::GO.NY.J.2025,2025-03-02T19:05:00.000000000-0500,2879.4,2,2879.2,1
MILLBURN::::GO.NY.J.2025,2025-03-02T19:06:00.000000000-0500,2878.4,3,2878.2,1
MILLBURN::::GO.NY.J.2025,2025-03-02T19:07:00.000000000-0500,2878.3,1,2878.1,1
MILLBURN::::GO.NY.J.2025,2025-03-02T19:08:00.000000000-0500,2878.8,3,2878.6,2
MILLBURN::::GO.NY.J.2025,2025-03-02T19:09:00.000000000-0500,2879.4,4,2879.1,5
MILLBURN::::GO.NY.J.2025,2025-03-02T19:10:00.000000000-0500,2880.2,2,2880.0,2
MILLBURN::::GO.NY.J.2025,2025-03-02T19:11:00.000000000-0500,2879.7,1,2879.5,3
MILLBURN::::GO.NY.J.2025,2025-03-02T19:12:00.000000000-0500,2880.2,4,2880.0,3
MILLBURN::::GO.NY.J.2025,2025-03-02T19:13:00.000000000-0500,2880.7,7,2880.5,1
MILLBURN::::GO.NY.J.2025,2025-03-02T19:14:00.000000000-0500,2881.4,3,2881.2,2
MILLBURN::::GO.NY.J.2025,2025-03-02T19:15:00.000000000-0500,2880.5,1,2880.3,1
MILLBURN::::GO.NY.J.2025,2025-03-02T19:16:00.000000000-0500,2882.0,2,2881.8,3
MILLBURN::::GO.NY.J.2025,2025-03-02T19:17:00.000000000-0500,2881.6,1,2881.4,2
MILLBURN::::GO.NY.J.2025,2025-03-02T19:18:00.000000000-0500,2881.7,3,2881.5,1
MILLBURN::::GO.NY.J.2025,2025-03-02T19:19:00.000000000-0500,2881.9,1,2881.7,2
MILLBURN::::GO.NY.J.2025,2025-03-02T19:20:00.000000000-0500,2881.5,6,2881.2,2
MILLBURN::::GO.NY.J.2025,2025-03-02T19:21:00.000000000-0500,2879.3,4,2879.1,2
MILLBURN::::GO.NY.J.2025,2025-03-02T19:22:00.000000000-0500,2879.5,2,2879.2,2
MILLBURN::::GO.NY.J.2025,2025-03-02T19:23:00.000000000-0500,2879.6,2,2879.4,4
MILLBURN::::GO.NY.J.2025,2025-03-02T19:24:00.000000000-0500,2880.4,2,2880.3,1
MILLBURN::::GO.NY.J.2025,2025-03-02T19:25:00.000000000-0500,2880.0,1,2879.8,4
MILLBURN::::GO.NY.J.2025,2025-03-02T19:26:00.000000000-0500,2879.9,2,2879.6,2
MILLBURN::::GO.NY.J.2025,2025-03-02T19:27:00.000000000-0500,2880.9,3,2880.7,1
MILLBURN::::GO.NY.J.2025,2025-03-02T19:28:00.000000000-0500,2880.8,1,2880.6,3
MILLBURN::::GO.NY.J.2025,2025-03-02T19:29:00.000000000-0500,2881.2,1,2881.0,1
MILLBURN::::GO.NY.J.2025,2025-03-02T19:30:00.000000000-0500,2881.7,1,2881.5,4
MILLBURN::::GO.NY.J.2025,2025-03-02T19:31:00.000000000-0500,2880.6,7,2880.4,27
MILLBURN::::GO.NY.J.2025,2025-03-02T19:32:00.000000000-0500,2881.2,2,2880.9,2
MILLBURN::::GO.NY.J.2025,2025-03-02T19:33:00.000000000-0500,2881.6,4,2881.4,1
MILLBURN::::GO.NY.J.2025,2025-03-02T19:34:00.000000000-0500,2879.3,1,2879.1,1
MILLBURN::::GO.NY.J.2025,2025-03-02T19:35:00.000000000-0500,2879.0,2,2878.7,3
MILLBURN::::GO.NY.J.2025,2025-03-02T19:36:00.000000000-0500,2880.1,4,2879.9,1
MILLBURN::::GO.NY.J.2025,2025-03-02T19:37:00.000000000-0500,2880.3,2,2880.1,1
MILLBURN::::GO.NY.J.2025,2025-03-02T19:38:00.000000000-0500,2879.6,1,2879.4,2
MILLBURN::::GO.NY.J.2025,2025-03-02T19:39:00.000000000-0500,2879.3,3,2879.1,1
MILLBURN::::GO.NY.J.2025,2025-03-02T19:40:00.000000000-0500,2879.3,2,2879.2,1
MILLBURN::::GO.NY.J.2025,2025-03-02T19:41:00.000000000-0500,2880.1,2,2879.9,3
MILLBURN::::GO.NY.J.2025,2025-03-02T19:42:00.000000000-0500,2880.0,5,2879.8,1
MILLBURN::::GO.NY.J.2025,2025-03-02T19:43:00.000000000-0500,2880.6,1,2880.4,3
MILLBURN::::GO.NY.J.2025,2025-03-02T19:44:00.000000000-0500,2880.0,2,2879.8,2
MILLBURN::::GO.NY.J.2025,2025-03-02T19:45:00.000000000-0500,2880.2,2,2880.0,1
MILLBURN::::GO.NY.J.2025,2025-03-02T19:46:00.000000000-0500,2879.9,1,2879.7,1
MILLBURN::::GO.NY.J.2025,2025-03-02T19:47:00.000000000-0500,2879.8,2,2879.6,2
MILLBURN::::GO.NY.J.2025,2025-03-02T19:48:00.000000000-0500,2878.8,1,2878.7,1
MILLBURN::::GO.NY.J.2025,2025-03-02T19:49:00.000000000-0500,2879.1,1,2878.9,3
MILLBURN::::GO.NY.J.2025,2025-03-02T19:50:00.000000000-0500,2879.5,1,2879.3,2
MILLBURN::::GO.NY.J.2025,2025-03-02T19:51:00.000000000-0500,2878.6,6,2878.3,3
MILLBURN::::GO.NY.J.2025,2025-03-02T19:52:00.000000000-0500,2878.7,3,2878.5,2
MILLBURN::::GO.NY.J.2025,2025-03-02T19:53:00.000000000-0500,2878.8,3,2878.6,1
MILLBURN::::GO.NY.J.2025,2025-03-02T19:54:00.000000000-0500,2879.1,1,2879.0,1
MILLBURN::::GO.NY.J.2025,2025-03-02T19:55:00.000000000-0500,2879.2,4,2878.9,4
MILLBURN::::GO.NY.J.2025,2025-03-02T19:56:00.000000000-0500,2879.1,3,2878.9,3
MILLBURN::::GO.NY.J.2025,2025-03-02T19:57:00.000000000-0500,2878.1,1,2878.0,5
MILLBURN::::GO.NY.J.2025,2025-03-02T19:58:00.000000000-0500,2877.5,3,2877.3,2
MILLBURN::::GO.NY.J.2025,2025-03-02T19:59:00.000000000-0500,2877.3,1,2877.0,3
MILLBURN::::GO.NY.J.2025,2025-03-02T20:00:00.000000000-0500,2876.1,1,2875.9,2
MILLBURN::::GO.NY.J.2025,2025-03-02T20:01:00.000000000-0500,2877.5,1,2877.4,2
MILLBURN::::GO.NY.J.2025,2025-03-02T20:02:00.000000000-0500,2877.9,1,2877.7,2
MILLBURN::::GO.NY.J.2025,2025-03-02T20:03:00.000000000-0500,2880.5,2,2880.2,4
MILLBURN::::GO.NY.J.2025,2025-03-02T20:04:00.000000000-0500,2879.8,1,2879.6,1
MILLBURN::::GO.NY.J.2025,2025-03-02T20:05:00.000000000-0500,2879.5,2,2879.2,3
MILLBURN::::GO.NY.J.2025,2025-03-02T20:06:00.000000000-0500,2880.0,2,2879.7,4
MILLBURN::::GO.NY.J.2025,2025-03-02T20:07:00.000000000-0500,2880.0,1,2879.8,1
MILLBURN::::GO.NY.J.2025,2025-03-02T20:08:00.000000000-0500,2880.0,2,2879.8,1
MILLBURN::::GO.NY.J.2025,2025-03-02T20:09:00.000000000-0500,2878.4,2,2878.2,5
MILLBURN::::GO.NY.J.2025,2025-03-02T20:10:00.000000000-0500,2878.7,1,2878.4,5
MILLBURN::::GO.NY.J.2025,2025-03-02T20:11:00.000000000-0500,2879.3,3,2879.1,5
MILLBURN::::GO.NY.J.2025,2025-03-02T20:12:00.000000000-0500,2880.1,1,2879.9,1
MILLBURN::::GO.NY.J.2025,2025-03-02T20:13:00.000000000-0500,2879.8,1,2879.6,3
MILLBURN::::GO.NY.J.2025,2025-03-02T20:14:00.000000000-0500,2879.8,2,2879.5,4
MILLBURN::::GO.NY.J.2025,2025-03-02T20:15:00.000000000-0500,2879.5,1,2879.3,7
MILLBURN::::GO.NY.J.2025,2025-03-02T20:16:00.000000000-0500,2878.5,1,2878.3,1
MILLBURN::::GO.NY.J.2025,2025-03-02T20:17:00.000000000-0500,2878.9,2,2878.7,2
MILLBURN::::GO.NY.J.2025,2025-03-02T20:18:00.000000000-0500,2880.3,3,2880.0,3
MILLBURN::::GO.NY.J.2025,2025-03-02T20:19:00.000000000-0500,2881.0,2,2880.6,3
MILLBURN::::GO.NY.J.2025,2025-03-02T20:20:00.000000000-0500,2880.8,1,2880.6,2
MILLBURN::::GO.NY.J.2025,2025-03-02T20:21:00.000000000-0500,2880.6,1,2880.4,3
MILLBURN::::GO.NY.J.2025,2025-03-02T20:22:00.000000000-0500,2880.5,1,2880.3,2
MILLBURN::::GO.NY.J.2025,2025-03-02T20:23:00.000000000-0500,2880.8,1,2880.5,6
MILLBURN::::GO.NY.J.2025,2025-03-02T20:24:00.000000000-0500,2881.5,1,2881.3,2
MILLBURN::::GO.NY.J.2025,2025-03-02T20:25:00.000000000-0500,2880.3,1,2880.1,2
MILLBURN::::GO.NY.J.2025,2025-03-02T20:26:00.000000000-0500,2881.6,1,2881.5,1
MILLBURN::::GO.NY.J.2025,2025-03-02T20:27:00.000000000-0500,2882.3,1,2882.2,1
MILLBURN::::GO.NY.J.2025,2025-03-02T20:28:00.000000000-0500,2882.2,1,2882.0,1
MILLBURN::::GO.NY.J.2025,2025-03-02T20:29:00.000000000-0500,2883.0,2,2882.8,6
MILLBURN::::GO.NY.J.2025,2025-03-02T20:30:00.000000000-0500,2883.9,1,2883.8,1
MILLBURN::::GO.NY.J.2025,2025-03-02T20:31:00.000000000-0500,2883.1,3,2882.9,4
MILLBURN::::GO.NY.J.2025,2025-03-02T20:32:00.000000000-0500,2882.8,2,2882.6,4
MILLBURN::::GO.NY.J.2025,2025-03-02T20:33:00.000000000-0500,2883.2,2,2883.0,1
MILLBURN::::GO.NY.J.2025,2025-03-02T20:34:00.000000000-0500,2882.9,3,2882.7,1
MILLBURN::::GO.NY.J.2025,2025-03-02T20:35:00.000000000-0500,2882.2,1,2882.0,3
MILLBURN::::GO.NY.J.2025,2025-03-02T20:36:00.000000000-0500,2882.3,1,2882.1,3
MILLBURN::::GO.NY.J.2025,2025-03-02T20:37:00.000000000-0500,2882.9,2,2882.6,3
MILLBURN::::GO.NY.J.2025,2025-03-02T20:38:00.000000000-0500,2881.6,1,2881.4,1
MILLBURN::::GO.NY.J.2025,2025-03-02T20:39:00.000000000-0500,2881.5,2,2881.3,3
MILLBURN::::GO.NY.J.2025,2025-03-02T20:40:00.000000000-0500,2881.2,1,2881.1,1
MILLBURN::::GO.NY.J.2025,2025-03-02T20:41:00.000000000-0500,2881.5,2,2881.3,2
MILLBURN::::GO.NY.J.2025,2025-03-02T20:42:00.000000000-0500,2882.0,2,2881.7,5
MILLBURN::::GO.NY.J.2025,2025-03-02T20:43:00.000000000-0500,2880.9,1,2880.7,2
MILLBURN::::GO.NY.J.2025,2025-03-02T20:44:00.000000000-0500,2881.1,1,2880.9,3
MILLBURN::::GO.NY.J.2025,2025-03-02T20:45:00.000000000-0500,2881.6,2,2881.4,1
MILLBURN::::GO.NY.J.2025,2025-03-02T20:46:00.000000000-0500,2880.9,1,2880.7,2
MILLBURN::::GO.NY.J.2025,2025-03-02T20:47:00.000000000-0500,2882.0,2,2881.7,3
MILLBURN::::GO.NY.J.2025,2025-03-02T20:48:00.000000000-0500,2881.7,3,2881.5,1
MILLBURN::::GO.NY.J.2025,2025-03-02T20:49:00.000000000-0500,2881.7,3,2881.4,3
MILLBURN::::GO.NY.J.2025,2025-03-02T20:50:00.000000000-0500,2882.2,2,2882.0,2
MILLBURN::::GO.NY.J.2025,2025-03-02T20:51:00.000000000-0500,2881.9,2,2881.6,3
MILLBURN::::GO.NY.J.2025,2025-03-02T20:52:00.000000000-0500,2882.7,2,2882.4,3
MILLBURN::::GO.NY.J.2025,2025-03-02T20:53:00.000000000-0500,2883.6,20,2883.5,1
MILLBURN::::GO.NY.J.2025,2025-03-02T20:54:00.000000000-0500,2883.7,1,2883.5,4
MILLBURN::::GO.NY.J.2025,2025-03-02T20:55:00.000000000-0500,2884.1,2,2883.9,2
MILLBURN::::GO.NY.J.2025,2025-03-02T20:56:00.000000000-0500,2883.6,4,2883.3,5
MILLBURN::::GO.NY.J.2025,2025-03-02T20:57:00.000000000-0500,2883.6,2,2883.4,2
MILLBURN::::GO.NY.J.2025,2025-03-02T20:58:00.000000000-0500,2882.9,3,2882.7,1
MILLBURN::::GO.NY.J.2025,2025-03-02T20:59:00.000000000-0500,2883.2,1,2883.0,4
MILLBURN::::GO.NY.J.2025,2025-03-02T21:00:00.000000000-0500,2883.0,2,2882.8,2
MILLBURN::::GO.NY.J.2025,2025-03-02T21:01:00.000000000-0500,2883.3,4,2883.0,7
MILLBURN::::GO.NY.J.2025,2025-03-02T21:02:00.000000000-0500,2882.5,3,2882.3,1
MILLBURN::::GO.NY.J.2025,2025-03-02T21:03:00.000000000-0500,2882.6,3,2882.3,4
MILLBURN::::GO.NY.J.2025,2025-03-02T21:04:00.000000000-0500,2883.0,3,2882.8,4
MILLBURN::::GO.NY.J.2025,2025-03-02T21:05:00.000000000-0500,2883.2,2,2883.0,2
MILLBURN::::GO.NY.J.2025,2025-03-02T21:06:00.000000000-0500,2883.0,1,2882.8,4
MILLBURN::::GO.NY.J.2025,2025-03-02T21:07:00.000000000-0500,2883.7,2,2883.5,2
MILLBURN::::GO.NY.J.2025,2025-03-02T21:08:00.000000000-0500,2883.5,5,2883.2,4
MILLBURN::::GO.NY.J.2025,2025-03-02T21:09:00.000000000-0500,2883.1,2,2882.9,2
MILLBURN::::GO.NY.J.2025,2025-03-02T21:10:00.000000000-0500,2883.4,2,2883.2,2
MILLBURN::::GO.NY.J.2025,2025-03-02T21:11:00.000000000-0500,2883.3,1,2883.1,3
MILLBURN::::GO.NY.J.2025,2025-03-02T21:12:00.000000000-0500,2882.9,1,2882.7,4
MILLBURN::::GO.NY.J.2025,2025-03-02T21:13:00.000000000-0500,2882.4,1,2882.2,4
MILLBURN::::GO.NY.J.2025,2025-03-02T21:14:00.000000000-0500,2882.2,1,2882.0,4
MILLBURN::::GO.NY.J.2025,2025-03-02T21:15:00.000000000-0500,2882.3,1,2882.2,2
MILLBURN::::GO.NY.J.2025,2025-03-02T21:16:00.000000000-0500,2882.2,1,2882.1,1
MILLBURN::::GO.NY.J.2025,2025-03-02T21:17:00.000000000-0500,2882.4,3,2882.2,3
MILLBURN::::GO.NY.J.2025,2025-03-02T21:18:00.000000000-0500,2883.5,7,2883.2,4
MILLBURN::::GO.NY.J.2025,2025-03-02T21:19:00.000000000-0500,2883.4,3,2883.2,2
MILLBURN::::GO.NY.J.2025,2025-03-02T21:20:00.000000000-0500,2883.0,4,2882.8,2
MILLBURN::::GO.NY.J.2025,2025-03-02T21:21:00.000000000-0500,2883.3,4,2883.1,1
MILLBURN::::GO.NY.J.2025,2025-03-02T21:22:00.000000000-0500,2883.3,5,2883.0,4
MILLBURN::::GO.NY.J.2025,2025-03-02T21:23:00.000000000-0500,2883.8,2,2883.6,1
MILLBURN::::GO.NY.J.2025,2025-03-02T21:24:00.000000000-0500,2883.3,1,2883.1,4
MILLBURN::::GO.NY.J.2025,2025-03-02T21:25:00.000000000-0500,2883.6,1,2883.4,2
MILLBURN::::GO.NY.J.2025,2025-03-02T21:26:00.000000000-0500,2883.4,1,2883.2,4
MILLBURN::::GO.NY.J.2025,2025-03-02T21:27:00.000000000-0500,2882.6,1,2882.5,3
MILLBURN::::GO.NY.J.2025,2025-03-02T21:28:00.000000000-0500,2881.7,1,2881.5,3
MILLBURN::::GO.NY.J.2025,2025-03-02T21:29:00.000000000-0500,2882.1,1,2881.9,6
MILLBURN::::GO.NY.J.2025,2025-03-02T21:30:00.000000000-0500,2882.3,3,2882.1,1
MILLBURN::::GO.NY.J.2025,2025-03-02T21:31:00.000000000-0500,2881.5,2,2881.3,2
MILLBURN::::GO.NY.J.2025,2025-03-02T21:32:00.000000000-0500,2881.2,2,2881.0,3
MILLBURN::::GO.NY.J.2025,2025-03-02T21:33:00.000000000-0500,2881.6,2,2881.4,6
MILLBURN::::GO.NY.J.2025,2025-03-02T21:34:00.000000000-0500,2882.0,1,2881.8,3
MILLBURN::::GO.NY.J.2025,2025-03-02T21:35:00.000000000-0500,2882.2,3,2882.0,1
MILLBURN::::GO.NY.J.2025,2025-03-02T21:36:00.000000000-0500,2881.8,10,2881.7,1
MILLBURN::::GO.NY.J.2025,2025-03-02T21:37:00.000000000-0500,2882.2,3,2882.1,1
MILLBURN::::GO.NY.J.2025,2025-03-02T21:38:00.000000000-0500,2882.5,1,2882.3,3
MILLBURN::::GO.NY.J.2025,2025-03-02T21:39:00.000000000-0500,2882.1,2,2881.9,4
MILLBURN::::GO.NY.J.2025,2025-03-02T21:40:00.000000000-0500,2881.5,2,2881.4,1
MILLBURN::::GO.NY.J.2025,2025-03-02T21:41:00.000000000-0500,2881.4,2,2881.2,4
MILLBURN::::GO.NY.J.2025,2025-03-02T21:42:00.000000000-0500,2881.6,2,2881.4,3
MILLBURN::::GO.NY.J.2025,2025-03-02T21:43:00.000000000-0500,2881.2,2,2881.1,3
MILLBURN::::GO.NY.J.2025,2025-03-02T21:44:00.000000000-0500,2881.3,3,2881.1,3
MILLBURN::::GO.NY.J.2025,2025-03-02T21:45:00.000000000-0500,2881.3,1,2881.1,9
MILLBURN::::GO.NY.J.2025,2025-03-02T21:46:00.000000000-0500,2880.5,5,2880.3,2
MILLBURN::::GO.NY.J.2025,2025-03-02T21:47:00.000000000-0500,2880.4,3,2880.2,2
MILLBURN::::GO.NY.J.2025,2025-03-02T21:48:00.000000000-0500,2880.1,1,2880.0,55
MILLBURN::::GO.NY.J.2025,2025-03-02T21:49:00.000000000-0500,2879.2,1,2879.1,4
MILLBURN::::GO.NY.J.2025,2025-03-02T21:50:00.000000000-0500,2880.0,4,2879.8,3
MILLBURN::::GO.NY.J.2025,2025-03-02T21:51:00.000000000-0500,2880.4,5,2880.2,2
MILLBURN::::GO.NY.J.2025,2025-03-02T21:52:00.000000000-0500,2880.4,1,2880.2,6
MILLBURN::::GO.NY.J.2025,2025-03-02T21:53:00.000000000-0500,2880.7,3,2880.5,3
MILLBURN::::GO.NY.J.2025,2025-03-02T21:54:00.000000000-0500,2880.1,1,2880.0,2
MILLBURN::::GO.NY.J.2025,2025-03-02T21:55:00.000000000-0500,2879.3,2,2879.1,3
MILLBURN::::GO.NY.J.2025,2025-03-02T21:56:00.000000000-0500,2879.6,3,2879.4,1
MILLBURN::::GO.NY.J.2025,2025-03-02T21:57:00.000000000-0500,2879.8,3,2879.6,1
MILLBURN::::GO.NY.J.2025,2025-03-02T21:58:00.000000000-0500,2879.2,1,2879.0,2
MILLBURN::::GO.NY.J.2025,2025-03-02T21:59:00.000000000-0500,2878.7,4,2878.5,2
MILLBURN::::GO.NY.J.2025,2025-03-02T22:00:00.000000000-0500,2877.3,3,2877.1,5
MILLBURN::::GO.NY.J.2025,2025-03-02T22:01:00.000000000-0500,2876.7,4,2876.5,1
MILLBURN::::GO.NY.J.2025,2025-03-02T22:02:00.000000000-0500,2877.3,3,2877.1,4
MILLBURN::::GO.NY.J.2025,2025-03-02T22:03:00.000000000-0500,2877.0,10,2876.8,4
MILLBURN::::GO.NY.J.2025,2025-03-02T22:04:00.000000000-0500,2876.9,4,2876.7,1
MILLBURN::::GO.NY.J.2025,2025-03-02T22:05:00.000000000-0500,2876.3,1,2876.1,4
MILLBURN::::GO.NY.J.2025,2025-03-02T22:06:00.000000000-0500,2876.2,3,2876.0,1
MILLBURN::::GO.NY.J.2025,2025-03-02T22:07:00.000000000-0500,2875.3,1,2875.2,1
MILLBURN::::GO.NY.J.2025,2025-03-02T22:08:00.000000000-0500,2874.2,4,2874.0,1
MILLBURN::::GO.NY.J.2025,2025-03-02T22:09:00.000000000-0500,2874.3,2,2874.1,2
MILLBURN::::GO.NY.J.2025,2025-03-02T22:10:00.000000000-0500,2874.3,1,2874.1,2
MILLBURN::::GO.NY.J.2025,2025-03-02T22:11:00.000000000-0500,2872.7,1,2872.5,6
MILLBURN::::GO.NY.J.2025,2025-03-02T22:12:00.000000000-0500,2873.4,3,2873.2,2
MILLBURN::::GO.NY.J.2025,2025-03-02T22:13:00.000000000-0500,2872.1,2,2871.8,3
MILLBURN::::GO.NY.J.2025,2025-03-02T22:14:00.000000000-0500,2872.8,5,2872.6,1
MILLBURN::::GO.NY.J.2025,2025-03-02T22:15:00.000000000-0500,2873.0,4,2872.8,1
MILLBURN::::GO.NY.J.2025,2025-03-02T22:16:00.000000000-0500,2872.2,2,2872.0,2
MILLBURN::::GO.NY.J.2025,2025-03-02T22:17:00.000000000-0500,2872.4,5,2872.2,2
MILLBURN::::GO.NY.J.2025,2025-03-02T22:18:00.000000000-0500,2872.1,4,2871.9,1
MILLBURN::::GO.NY.J.2025,2025-03-02T22:19:00.000000000-0500,2872.7,3,2872.5,1
MILLBURN::::GO.NY.J.2025,2025-03-02T22:20:00.000000000-0500,2872.5,3,2872.3,2
MILLBURN::::GO.NY.J.2025,2025-03-02T22:21:00.000000000-0500,2872.0,1,2871.8,4
MILLBURN::::GO.NY.J.2025,2025-03-02T22:22:00.000000000-0500,2870.8,4,2870.6,2
MILLBURN::::GO.NY.J.2025,2025-03-02T22:23:00.000000000-0500,2871.3,3,2871.1,2
MILLBURN::::GO.NY.J.2025,2025-03-02T22:24:00.000000000-0500,2871.7,1,2871.5,2
MILLBURN::::GO.NY.J.2025,2025-03-02T22:25:00.000000000-0500,2871.2,4,2871.1,2
MILLBURN::::GO.NY.J.2025,2025-03-02T22:26:00.000000000-0500,2871.6,3,2871.4,3
MILLBURN::::GO.NY.J.2025,2025-03-02T22:27:00.000000000-0500,2871.8,2,2871.6,5
MILLBURN::::GO.NY.J.2025,2025-03-02T22:28:00.000000000-0500,2871.6,2,2871.5,2
MILLBURN::::GO.NY.J.2025,2025-03-02T22:29:00.000000000-0500,2871.7,1,2871.5,3
MILLBURN::::GO.NY.J.2025,2025-03-02T22:30:00.000000000-0500,2872.4,3,2872.1,3
MILLBURN::::GO.NY.J.2025,2025-03-02T22:31:00.000000000-0500,2872.9,2,2872.8,2
MILLBURN::::GO.NY.J.2025,2025-03-02T22:32:00.000000000-0500,2873.4,2,2873.2,1
MILLBURN::::GO.NY.J.2025,2025-03-02T22:33:00.000000000-0500,2873.3,4,2873.1,3
MILLBURN::::GO.NY.J.2025,2025-03-02T22:34:00.000000000-0500,2873.4,4,2873.1,6
MILLBURN::::GO.NY.J.2025,2025-03-02T22:35:00.000000000-0500,2874.0,4,2873.8,3
MILLBURN::::GO.NY.J.2025,2025-03-02T22:36:00.000000000-0500,2873.3,8,2873.1,1
MILLBURN::::GO.NY.J.2025,2025-03-02T22:37:00.000000000-0500,2873.9,2,2873.8,1
MILLBURN::::GO.NY.J.2025,2025-03-02T22:38:00.000000000-0500,2873.8,1,2873.7,1
MILLBURN::::GO.NY.J.2025,2025-03-02T22:39:00.000000000-0500,2874.2,2,2874.0,3
MILLBURN::::GO.NY.J.2025,2025-03-02T22:40:00.000000000-0500,2874.4,1,2874.2,3
MILLBURN::::GO.NY.J.2025,2025-03-02T22:41:00.000000000-0500,2874.4,2,2874.2,3
MILLBURN::::GO.NY.J.2025,2025-03-02T22:42:00.000000000-0500,2874.4,2,2874.2,3
MILLBURN::::GO.NY.J.2025,2025-03-02T22:43:00.000000000-0500,2874.4,2,2874.2,4
MILLBURN::::GO.NY.J.2025,2025-03-02T22:44:00.000000000-0500,2874.6,5,2874.4,2
MILLBURN::::GO.NY.J.2025,2025-03-02T22:45:00.000000000-0500,2874.0,3,2873.8,3
MILLBURN::::GO.NY.J.2025,2025-03-02T22:46:00.000000000-0500,2874.1,3,2873.9,3
MILLBURN::::GO.NY.J.2025,2025-03-02T22:47:00.000000000-0500,2874.5,4,2874.3,3
MILLBURN::::GO.NY.J.2025,2025-03-02T22:48:00.000000000-0500,2874.5,3,2874.3,3
MILLBURN::::GO.NY.J.2025,2025-03-02T22:49:00.000000000-0500,2874.1,3,2873.9,4
MILLBURN::::GO.NY.J.2025,2025-03-02T22:50:00.000000000-0500,2874.8,1,2874.7,2
MILLBURN::::GO.NY.J.2025,2025-03-02T22:51:00.000000000-0500,2875.1,2,2875.0,1
MILLBURN::::GO.NY.J.2025,2025-03-02T22:52:00.000000000-0500,2875.0,2,2874.9,4
MILLBURN::::GO.NY.J.2025,2025-03-02T22:53:00.000000000-0500,2876.4,3,2876.3,1
MILLBURN::::GO.NY.J.2025,2025-03-02T22:54:00.000000000-0500,2876.5,2,2876.3,3
MILLBURN::::GO.NY.J.2025,2025-03-02T22:55:00.000000000-0500,2875.1,1,2874.8,5
MILLBURN::::GO.NY.J.2025,2025-03-02T22:56:00.000000000-0500,2874.7,2,2874.5,2
MILLBURN::::GO.NY.J.2025,2025-03-02T22:57:00.000000000-0500,2874.9,2,2874.8,1
MILLBURN::::GO.NY.J.2025,2025-03-02T22:58:00.000000000-0500,2875.5,1,2875.4,2
MILLBURN::::GO.NY.J.2025,2025-03-02T22:59:00.000000000-0500,2875.8,2,2875.6,2
MILLBURN::::GO.NY.J.2025,2025-03-02T23:00:00.000000000-0500,2874.9,2,2874.7,3
MILLBURN::::GO.NY.J.2025,2025-03-02T23:01:00.000000000-0500,2874.4,2,2874.2,4
MILLBURN::::GO.NY.J.2025,2025-03-02T23:02:00.000000000-0500,2875.1,2,2874.9,2
MILLBURN::::GO.NY.J.2025,2025-03-02T23:03:00.000000000-0500,2874.8,5,2874.6,3
MILLBURN::::GO.NY.J.2025,2025-03-02T23:04:00.000000000-0500,2874.7,2,2874.5,2
MILLBURN::::GO.NY.J.2025,2025-03-02T23:05:00.000000000-0500,2873.8,1,2873.6,4
MILLBURN::::GO.NY.J.2025,2025-03-02T23:06:00.000000000-0500,2874.5,4,2874.3,3
MILLBURN::::GO.NY.J.2025,2025-03-02T23:07:00.000000000-0500,2874.0,4,2873.8,3
MILLBURN::::GO.NY.J.2025,2025-03-02T23:08:00.000000000-0500,2874.4,3,2874.2,1
MILLBURN::::GO.NY.J.2025,2025-03-02T23:09:00.000000000-0500,2874.1,3,2873.8,6
MILLBURN::::GO.NY.J.2025,2025-03-02T23:10:00.000000000-0500,2874.0,4,2873.7,3
MILLBURN::::GO.NY.J.2025,2025-03-02T23:11:00.000000000-0500,2874.3,1,2874.1,1
MILLBURN::::GO.NY.J.2025,2025-03-02T23:12:00.000000000-0500,2874.1,3,2873.9,2
MILLBURN::::GO.NY.J.2025,2025-03-02T23:13:00.000000000-0500,2874.4,6,2874.2,1
MILLBURN::::GO.NY.J.2025,2025-03-02T23:14:00.000000000-0500,2874.2,2,2874.0,3
MILLBURN::::GO.NY.J.2025,2025-03-02T23:15:00.000000000-0500,2873.7,4,2873.5,1
MILLBURN::::GO.NY.J.2025,2025-03-02T23:16:00.000000000-0500,2873.9,3,2873.7,3
MILLBURN::::GO.NY.J.2025,2025-03-02T23:17:00.000000000-0500,2873.6,6,2873.4,3
MILLBURN::::GO.NY.J.2025,2025-03-02T23:18:00.000000000-0500,2873.6,3,2873.4,3
MILLBURN::::GO.NY.J.2025,2025-03-02T23:19:00.000000000-0500,2873.9,5,2873.6,3
MILLBURN::::GO.NY.J.2025,2025-03-02T23:20:00.000000000-0500,2873.8,3,2873.6,3
MILLBURN::::GO.NY.J.2025,2025-03-02T23:21:00.000000000-0500,2873.8,2,2873.7,1
MILLBURN::::GO.NY.J.2025,2025-03-02T23:22:00.000000000-0500,2873.8,2,2873.7,2
MILLBURN::::GO.NY.J.2025,2025-03-02T23:23:00.000000000-0500,2873.6,3,2873.5,2
MILLBURN::::GO.NY.J.2025,2025-03-02T23:24:00.000000000-0500,2873.5,8,2873.3,4
MILLBURN::::GO.NY.J.2025,2025-03-02T23:25:00.000000000-0500,2873.5,7,2873.3,3
MILLBURN::::GO.NY.J.2025,2025-03-02T23:26:00.000000000-0500,2873.5,3,2873.2,6
MILLBURN::::GO.NY.J.2025,2025-03-02T23:27:00.000000000-0500,2873.1,3,2872.9,3
MILLBURN::::GO.NY.J.2025,2025-03-02T23:28:00.000000000-0500,2873.4,2,2873.3,8
MILLBURN::::GO.NY.J.2025,2025-03-02T23:29:00.000000000-0500,2873.5,3,2873.3,4
MILLBURN::::GO.NY.J.2025,2025-03-02T23:30:00.000000000-0500,2872.9,3,2872.7,7
MILLBURN::::GO.NY.J.2025,2025-03-02T23:31:00.000000000-0500,2873.8,1,2873.6,4
MILLBURN::::GO.NY.J.2025,2025-03-02T23:32:00.000000000-0500,2874.5,3,2874.3,3
MILLBURN::::GO.NY.J.2025,2025-03-02T23:33:00.000000000-0500,2875.0,4,2874.8,9
MILLBURN::::GO.NY.J.2025,2025-03-02T23:34:00.000000000-0500,2874.9,2,2874.7,3
MILLBURN::::GO.NY.J.2025,2025-03-02T23:35:00.000000000-0500,2875.2,1,2875.0,5
MILLBURN::::GO.NY.J.2025,2025-03-02T23:36:00.000000000-0500,2875.3,3,2875.1,3
MILLBURN::::GO.NY.J.2025,2025-03-02T23:37:00.000000000-0500,2875.7,3,2875.5,2
MILLBURN::::GO.NY.J.2025,2025-03-02T23:38:00.000000000-0500,2875.7,1,2875.5,4
MILLBURN::::GO.NY.J.2025,2025-03-02T23:39:00.000000000-0500,2875.7,3,2875.4,4
MILLBURN::::GO.NY.J.2025,2025-03-02T23:40:00.000000000-0500,2875.6,10,2875.4,1
MILLBURN::::GO.NY.J.2025,2025-03-02T23:41:00.000000000-0500,2875.9,2,2875.7,4
MILLBURN::::GO.NY.J.2025,2025-03-02T23:42:00.000000000-0500,2876.7,3,2876.6,1
MILLBURN::::GO.NY.J.2025,2025-03-02T23:43:00.000000000-0500,2876.2,5,2876.0,2
MILLBURN::::GO.NY.J.2025,2025-03-02T23:44:00.000000000-0500,2876.7,8,2876.5,2
MILLBURN::::GO.NY.J.2025,2025-03-02T23:45:00.000000000-0500,2876.6,1,2876.4,3
MILLBURN::::GO.NY.J.2025,2025-03-02T23:46:00.000000000-0500,2876.4,2,2876.2,1
MILLBURN::::GO.NY.J.2025,2025-03-02T23:47:00.000000000-0500,2876.7,2,2876.5,1
MILLBURN::::GO.NY.J.2025,2025-03-02T23:48:00.000000000-0500,2877.4,4,2877.1,4
MILLBURN::::GO.NY.J.2025,2025-03-02T23:49:00.000000000-0500,2877.4,1,2877.2,3
MILLBURN::::GO.NY.J.2025,2025-03-02T23:50:00.000000000-0500,2877.6,2,2877.4,7
MILLBURN::::GO.NY.J.2025,2025-03-02T23:51:00.000000000-0500,2877.8,2,2877.6,4
MILLBURN::::GO.NY.J.2025,2025-03-02T23:52:00.000000000-0500,2877.9,3,2877.7,3
MILLBURN::::GO.NY.J.2025,2025-03-02T23:53:00.000000000-0500,2877.7,1,2877.5,4
MILLBURN::::GO.NY.J.2025,2025-03-02T23:54:00.000000000-0500,2877.4,3,2877.2,3
MILLBURN::::GO.NY.J.2025,2025-03-02T23:55:00.000000000-0500,2877.2,2,2877.0,7
MILLBURN::::GO.NY.J.2025,2025-03-02T23:56:00.000000000-0500,2877.3,1,2877.2,1
MILLBURN::::GO.NY.J.2025,2025-03-02T23:57:00.000000000-0500,2877.3,2,2877.2,1
MILLBURN::::GO.NY.J.2025,2025-03-02T23:58:00.000000000-0500,2877.1,4,2876.9,2
MILLBURN::::GO.NY.J.2025,2025-03-02T23:59:00.000000000-0500,2876.8,2,2876.6,1
MILLBURN::::NG.NY.J.2025,2025-03-02T17:36:00.000000000-0500,3.818,2,3.811,1
MILLBURN::::NG.NY.J.2025,2025-03-02T17:46:00.000000000-0500,3.8,10,3.8,11
MILLBURN::::NG.NY.J.2025,2025-03-02T17:50:00.000000000-0500,3.809,10,3.809,10
MILLBURN::::NG.NY.J.2025,2025-03-02T17:54:00.000000000-0500,3.808,10,3.808,10
MILLBURN::::NG.NY.J.2025,2025-03-02T17:55:00.000000000-0500,3.8,17,3.8,20
MILLBURN::::NG.NY.J.2025,2025-03-02T17:56:00.000000000-0500,3.799,11,3.799,21
MILLBURN::::NG.NY.J.2025,2025-03-02T17:57:00.000000000-0500,3.799,12,3.799,21
MILLBURN::::NG.NY.J.2025,2025-03-02T17:58:00.000000000-0500,3.79,33,3.79,47
MILLBURN::::NG.NY.J.2025,2025-03-02T17:59:00.000000000-0500,3.78,92,3.78,81
MILLBURN::::NG.NY.J.2025,2025-03-02T18:00:00.000000000-0500,3.781,1,3.779,3
MILLBURN::::NG.NY.J.2025,2025-03-02T18:01:00.000000000-0500,3.778,8,3.776,5
MILLBURN::::NG.NY.J.2025,2025-03-02T18:02:00.000000000-0500,3.778,6,3.776,3
MILLBURN::::NG.NY.J.2025,2025-03-02T18:03:00.000000000-0500,3.779,3,3.777,11
MILLBURN::::NG.NY.J.2025,2025-03-02T18:04:00.000000000-0500,3.777,5,3.775,6
MILLBURN::::NG.NY.J.2025,2025-03-02T18:05:00.000000000-0500,3.773,5,3.772,2
MILLBURN::::NG.NY.J.2025,2025-03-02T18:06:00.000000000-0500,3.767,2,3.766,4
MILLBURN::::NG.NY.J.2025,2025-03-02T18:07:00.000000000-0500,3.768,2,3.766,3
MILLBURN::::NG.NY.J.2025,2025-03-02T18:08:00.000000000-0500,3.77,3,3.769,3
MILLBURN::::NG.NY.J.2025,2025-03-02T18:09:00.000000000-0500,3.77,6,3.769,2
MILLBURN::::NG.NY.J.2025,2025-03-02T18:10:00.000000000-0500,3.772,6,3.77,5
MILLBURN::::NG.NY.J.2025,2025-03-02T18:11:00.000000000-0500,3.769,3,3.767,2
MILLBURN::::NG.NY.J.2025,2025-03-02T18:12:00.000000000-0500,3.77,5,3.768,4
MILLBURN::::NG.NY.J.2025,2025-03-02T18:13:00.000000000-0500,3.766,6,3.764,3
MILLBURN::::NG.NY.J.2025,2025-03-02T18:14:00.000000000-0500,3.769,5,3.767,3
MILLBURN::::NG.NY.J.2025,2025-03-02T18:15:00.000000000-0500,3.77,4,3.769,1
MILLBURN::::NG.NY.J.2025,2025-03-02T18:16:00.000000000-0500,3.77,5,3.769,2
MILLBURN::::NG.NY.J.2025,2025-03-02T18:17:00.000000000-0500,3.769,2,3.767,6
MILLBURN::::NG.NY.J.2025,2025-03-02T18:18:00.000000000-0500,3.767,1,3.766,2
MILLBURN::::NG.NY.J.2025,2025-03-02T18:19:00.000000000-0500,3.766,9,3.764,1
MILLBURN::::NG.NY.J.2025,2025-03-02T18:20:00.000000000-0500,3.765,6,3.763,4
MILLBURN::::NG.NY.J.2025,2025-03-02T18:21:00.000000000-0500,3.765,7,3.763,9
MILLBURN::::NG.NY.J.2025,2025-03-02T18:22:00.000000000-0500,3.764,4,3.763,3
MILLBURN::::NG.NY.J.2025,2025-03-02T18:23:00.000000000-0500,3.762,2,3.761,3
MILLBURN::::NG.NY.J.2025,2025-03-02T18:24:00.000000000-0500,3.763,7,3.761,2
MILLBURN::::NG.NY.J.2025,2025-03-02T18:25:00.000000000-0500,3.759,4,3.758,4
MILLBURN::::NG.NY.J.2025,2025-03-02T18:26:00.000000000-0500,3.759,11,3.757,2
MILLBURN::::NG.NY.J.2025,2025-03-02T18:27:00.000000000-0500,3.759,5,3.757,5
MILLBURN::::NG.NY.J.2025,2025-03-02T18:28:00.000000000-0500,3.759,9,3.757,4
MILLBURN::::NG.NY.J.2025,2025-03-02T18:29:00.000000000-0500,3.759,9,3.757,4
MILLBURN::::NG.NY.J.2025,2025-03-02T18:30:00.000000000-0500,3.761,9,3.759,5
MILLBURN::::NG.NY.J.2025,2025-03-02T18:31:00.000000000-0500,3.76,5,3.759,5
MILLBURN::::NG.NY.J.2025,2025-03-02T18:32:00.000000000-0500,3.761,6,3.759,3
MILLBURN::::NG.NY.J.2025,2025-03-02T18:33:00.000000000-0500,3.759,1,3.758,5
MILLBURN::::NG.NY.J.2025,2025-03-02T18:34:00.000000000-0500,3.758,4,3.756,4
MILLBURN::::NG.NY.J.2025,2025-03-02T18:35:00.000000000-0500,3.76,17,3.758,5
MILLBURN::::NG.NY.J.2025,2025-03-02T18:36:00.000000000-0500,3.759,1,3.757,11
MILLBURN::::NG.NY.J.2025,2025-03-02T18:37:00.000000000-0500,3.759,2,3.757,12
MILLBURN::::NG.NY.J.2025,2025-03-02T18:38:00.000000000-0500,3.76,10,3.758,2
MILLBURN::::NG.NY.J.2025,2025-03-02T18:39:00.000000000-0500,3.757,4,3.756,6
MILLBURN::::NG.NY.J.2025,2025-03-02T18:40:00.000000000-0500,3.758,4,3.757,1
MILLBURN::::NG.NY.J.2025,2025-03-02T18:41:00.000000000-0500,3.759,6,3.757,3
MILLBURN::::NG.NY.J.2025,2025-03-02T18:42:00.000000000-0500,3.763,6,3.762,2
MILLBURN::::NG.NY.J.2025,2025-03-02T18:43:00.000000000-0500,3.764,2,3.763,2
MILLBURN::::NG.NY.J.2025,2025-03-02T18:44:00.000000000-0500,3.764,3,3.763,1
MILLBURN::::NG.NY.J.2025,2025-03-02T18:45:00.000000000-0500,3.764,4,3.763,3
MILLBURN::::NG.NY.J.2025,2025-03-02T18:46:00.000000000-0500,3.762,6,3.761,2
MILLBURN::::NG.NY.J.2025,2025-03-02T18:47:00.000000000-0500,3.762,6,3.761,3
MILLBURN::::NG.NY.J.2025,2025-03-02T18:48:00.000000000-0500,3.762,6,3.761,1
MILLBURN::::NG.NY.J.2025,2025-03-02T18:49:00.000000000-0500,3.762,4,3.761,1
MILLBURN::::NG.NY.J.2025,2025-03-02T18:50:00.000000000-0500,3.762,6,3.761,2
MILLBURN::::NG.NY.J.2025,2025-03-02T18:51:00.000000000-0500,3.763,10,3.761,3
MILLBURN::::NG.NY.J.2025,2025-03-02T18:52:00.000000000-0500,3.763,10,3.761,5
MILLBURN::::NG.NY.J.2025,2025-03-02T18:53:00.000000000-0500,3.762,3,3.761,2
MILLBURN::::NG.NY.J.2025,2025-03-02T18:54:00.000000000-0500,3.762,6,3.76,9
MILLBURN::::NG.NY.J.2025,2025-03-02T18:55:00.000000000-0500,3.761,3,3.76,5
MILLBURN::::NG.NY.J.2025,2025-03-02T18:56:00.000000000-0500,3.762,8,3.76,4
MILLBURN::::NG.NY.J.2025,2025-03-02T18:57:00.000000000-0500,3.761,2,3.759,5
MILLBURN::::NG.NY.J.2025,2025-03-02T18:58:00.000000000-0500,3.759,3,3.757,5
MILLBURN::::NG.NY.J.2025,2025-03-02T18:59:00.000000000-0500,3.759,4,3.757,5
MILLBURN::::NG.NY.J.2025,2025-03-02T19:00:00.000000000-0500,3.763,4,3.761,3
MILLBURN::::NG.NY.J.2025,2025-03-02T19:01:00.000000000-0500,3.763,6,3.761,1
MILLBURN::::NG.NY.J.2025,2025-03-02T19:02:00.000000000-0500,3.759,4,3.757,4
MILLBURN::::NG.NY.J.2025,2025-03-02T19:03:00.000000000-0500,3.76,6,3.758,2
MILLBURN::::NG.NY.J.2025,2025-03-02T19:04:00.000000000-0500,3.76,5,3.758,4
MILLBURN::::NG.NY.J.2025,2025-03-02T19:05:00.000000000-0500,3.76,6,3.758,6
MILLBURN::::NG.NY.J.2025,2025-03-02T19:06:00.000000000-0500,3.759,4,3.758,1
MILLBURN::::NG.NY.J.2025,2025-03-02T19:07:00.000000000-0500,3.759,4,3.757,5
MILLBURN::::NG.NY.J.2025,2025-03-02T19:08:00.000000000-0500,3.759,4,3.757,5
MILLBURN::::NG.NY.J.2025,2025-03-02T19:09:00.000000000-0500,3.759,6,3.757,5
MILLBURN::::NG.NY.J.2025,2025-03-02T19:10:00.000000000-0500,3.759,7,3.757,1
MILLBURN::::NG.NY.J.2025,2025-03-02T19:11:00.000000000-0500,3.759,7,3.757,3
MILLBURN::::NG.NY.J.2025,2025-03-02T19:12:00.000000000-0500,3.759,9,3.757,2
MILLBURN::::NG.NY.J.2025,2025-03-02T19:13:00.000000000-0500,3.758,7,3.756,5
MILLBURN::::NG.NY.J.2025,2025-03-02T19:14:00.000000000-0500,3.758,6,3.756,3
MILLBURN::::NG.NY.J.2025,2025-03-02T19:15:00.000000000-0500,3.758,2,3.756,3
MILLBURN::::NG.NY.J.2025,2025-03-02T19:16:00.000000000-0500,3.758,5,3.756,3
MILLBURN::::NG.NY.J.2025,2025-03-02T19:17:00.000000000-0500,3.758,5,3.756,7
MILLBURN::::NG.NY.J.2025,2025-03-02T19:18:00.000000000-0500,3.758,8,3.756,3
MILLBURN::::NG.NY.J.2025,2025-03-02T19:19:00.000000000-0500,3.755,9,3.753,9
MILLBURN::::NG.NY.J.2025,2025-03-02T19:20:00.000000000-0500,3.755,9,3.753,3
MILLBURN::::NG.NY.J.2025,2025-03-02T19:21:00.000000000-0500,3.756,4,3.754,5
MILLBURN::::NG.NY.J.2025,2025-03-02T19:22:00.000000000-0500,3.756,4,3.754,5
MILLBURN::::NG.NY.J.2025,2025-03-02T19:23:00.000000000-0500,3.756,4,3.754,4
MILLBURN::::NG.NY.J.2025,2025-03-02T19:24:00.000000000-0500,3.756,3,3.754,4
MILLBURN::::NG.NY.J.2025,2025-03-02T19:25:00.000000000-0500,3.755,3,3.753,4
MILLBURN::::NG.NY.J.2025,2025-03-02T19:26:00.000000000-0500,3.755,6,3.752,11
MILLBURN::::NG.NY.J.2025,2025-03-02T19:27:00.000000000-0500,3.755,5,3.754,5
MILLBURN::::NG.NY.J.2025,2025-03-02T19:28:00.000000000-0500,3.755,6,3.753,3
MILLBURN::::NG.NY.J.2025,2025-03-02T19:29:00.000000000-0500,3.757,6,3.755,6
MILLBURN::::NG.NY.J.2025,2025-03-02T19:30:00.000000000-0500,3.756,1,3.755,4
MILLBURN::::NG.NY.J.2025,2025-03-02T19:31:00.000000000-0500,3.758,10,3.756,4
MILLBURN::::NG.NY.J.2025,2025-03-02T19:32:00.000000000-0500,3.76,13,3.759,4
MILLBURN::::NG.NY.J.2025,2025-03-02T19:33:00.000000000-0500,3.763,5,3.761,2
MILLBURN::::NG.NY.J.2025,2025-03-02T19:34:00.000000000-0500,3.762,3,3.76,9
MILLBURN::::NG.NY.J.2025,2025-03-02T19:35:00.000000000-0500,3.761,5,3.76,3
MILLBURN::::NG.NY.J.2025,2025-03-02T19:36:00.000000000-0500,3.762,4,3.76,8
MILLBURN::::NG.NY.J.2025,2025-03-02T19:37:00.000000000-0500,3.762,5,3.761,1
MILLBURN::::NG.NY.J.2025,2025-03-02T19:38:00.000000000-0500,3.762,6,3.761,2
MILLBURN::::NG.NY.J.2025,2025-03-02T19:39:00.000000000-0500,3.759,3,3.758,3
MILLBURN::::NG.NY.J.2025,2025-03-02T19:40:00.000000000-0500,3.759,4,3.757,10
MILLBURN::::NG.NY.J.2025,2025-03-02T19:41:00.000000000-0500,3.76,6,3.758,4
MILLBURN::::NG.NY.J.2025,2025-03-02T19:42:00.000000000-0500,3.76,8,3.758,5
MILLBURN::::NG.NY.J.2025,2025-03-02T19:43:00.000000000-0500,3.76,4,3.759,4
MILLBURN::::NG.NY.J.2025,2025-03-02T19:44:00.000000000-0500,3.76,2,3.759,2
MILLBURN::::NG.NY.J.2025,2025-03-02T19:45:00.000000000-0500,3.76,6,3.758,10
MILLBURN::::NG.NY.J.2025,2025-03-02T19:46:00.000000000-0500,3.76,10,3.758,3
MILLBURN::::NG.NY.J.2025,2025-03-02T19:47:00.000000000-0500,3.761,11,3.759,4
MILLBURN::::NG.NY.J.2025,2025-03-02T19:48:00.000000000-0500,3.76,4,3.759,2
MILLBURN::::NG.NY.J.2025,2025-03-02T19:49:00.000000000-0500,3.76,10,3.758,8
MILLBURN::::NG.NY.J.2025,2025-03-02T19:50:00.000000000-0500,3.76,7,3.759,3
MILLBURN::::NG.NY.J.2025,2025-03-02T19:51:00.000000000-0500,3.76,5,3.759,7
MILLBURN::::NG.NY.J.2025,2025-03-02T19:52:00.000000000-0500,3.761,7,3.76,5
MILLBURN::::NG.NY.J.2025,2025-03-02T19:53:00.000000000-0500,3.762,9,3.76,9
MILLBURN::::NG.NY.J.2025,2025-03-02T19:54:00.000000000-0500,3.762,11,3.76,8
MILLBURN::::NG.NY.J.2025,2025-03-02T19:55:00.000000000-0500,3.762,12,3.76,5
MILLBURN::::NG.NY.J.2025,2025-03-02T19:56:00.000000000-0500,3.761,8,3.76,1
MILLBURN::::NG.NY.J.2025,2025-03-02T19:57:00.000000000-0500,3.761,6,3.76,1
MILLBURN::::NG.NY.J.2025,2025-03-02T19:58:00.000000000-0500,3.761,6,3.76,2
MILLBURN::::NG.NY.J.2025,2025-03-02T19:59:00.000000000-0500,3.762,10,3.76,6
MILLBURN::::NG.NY.J.2025,2025-03-02T20:00:00.000000000-0500,3.762,2,3.761,2
MILLBURN::::NG.NY.J.2025,2025-03-02T20:01:00.000000000-0500,3.76,4,3.759,5
MILLBURN::::NG.NY.J.2025,2025-03-02T20:02:00.000000000-0500,3.76,6,3.759,6
MILLBURN::::NG.NY.J.2025,2025-03-02T20:03:00.000000000-0500,3.76,4,3.759,3
MILLBURN::::NG.NY.J.2025,2025-03-02T20:04:00.000000000-0500,3.76,5,3.759,3
MILLBURN::::NG.NY.J.2025,2025-03-02T20:05:00.000000000-0500,3.761,4,3.76,5
MILLBURN::::NG.NY.J.2025,2025-03-02T20:06:00.000000000-0500,3.762,3,3.761,18
MILLBURN::::NG.NY.J.2025,2025-03-02T20:07:00.000000000-0500,3.762,6,3.76,9
MILLBURN::::NG.NY.J.2025,2025-03-02T20:08:00.000000000-0500,3.762,4,3.76,11
MILLBURN::::NG.NY.J.2025,2025-03-02T20:09:00.000000000-0500,3.762,6,3.76,10
MILLBURN::::NG.NY.J.2025,2025-03-02T20:10:00.000000000-0500,3.761,6,3.76,4
MILLBURN::::NG.NY.J.2025,2025-03-02T20:11:00.000000000-0500,3.762,10,3.761,1
MILLBURN::::NG.NY.J.2025,2025-03-02T20:12:00.000000000-0500,3.761,5,3.76,11
MILLBURN::::NG.NY.J.2025,2025-03-02T20:13:00.000000000-0500,3.761,4,3.76,11
MILLBURN::::NG.NY.J.2025,2025-03-02T20:14:00.000000000-0500,3.761,7,3.76,6
MILLBURN::::NG.NY.J.2025,2025-03-02T20:15:00.000000000-0500,3.761,6,3.76,1
MILLBURN::::NG.NY.J.2025,2025-03-02T20:16:00.000000000-0500,3.76,6,3.759,4
MILLBURN::::NG.NY.J.2025,2025-03-02T20:17:00.000000000-0500,3.762,7,3.761,2
MILLBURN::::NG.NY.J.2025,2025-03-02T20:18:00.000000000-0500,3.762,8,3.761,2
MILLBURN::::NG.NY.J.2025,2025-03-02T20:19:00.000000000-0500,3.762,6,3.76,9
MILLBURN::::NG.NY.J.2025,2025-03-02T20:20:00.000000000-0500,3.763,6,3.762,2
MILLBURN::::NG.NY.J.2025,2025-03-02T20:21:00.000000000-0500,3.763,7,3.761,10
MILLBURN::::NG.NY.J.2025,2025-03-02T20:22:00.000000000-0500,3.763,6,3.762,4
MILLBURN::::NG.NY.J.2025,2025-03-02T20:23:00.000000000-0500,3.764,6,3.762,18
MILLBURN::::NG.NY.J.2025,2025-03-02T20:24:00.000000000-0500,3.765,5,3.763,5
MILLBURN::::NG.NY.J.2025,2025-03-02T20:25:00.000000000-0500,3.766,20,3.764,4
MILLBURN::::NG.NY.J.2025,2025-03-02T20:26:00.000000000-0500,3.766,5,3.765,2
MILLBURN::::NG.NY.J.2025,2025-03-02T20:27:00.000000000-0500,3.766,4,3.764,9
MILLBURN::::NG.NY.J.2025,2025-03-02T20:28:00.000000000-0500,3.766,3,3.765,1
MILLBURN::::NG.NY.J.2025,2025-03-02T20:29:00.000000000-0500,3.766,6,3.764,7
MILLBURN::::NG.NY.J.2025,2025-03-02T20:30:00.000000000-0500,3.761,5,3.76,5
MILLBURN::::NG.NY.J.2025,2025-03-02T20:31:00.000000000-0500,3.762,5,3.76,5
MILLBURN::::NG.NY.J.2025,2025-03-02T20:32:00.000000000-0500,3.762,5,3.76,8
MILLBURN::::NG.NY.J.2025,2025-03-02T20:33:00.000000000-0500,3.762,2,3.761,2
MILLBURN::::NG.NY.J.2025,2025-03-02T20:34:00.000000000-0500,3.762,2,3.761,2
MILLBURN::::NG.NY.J.2025,2025-03-02T20:35:00.000000000-0500,3.763,6,3.761,4
MILLBURN::::NG.NY.J.2025,2025-03-02T20:36:00.000000000-0500,3.763,5,3.761,3
MILLBURN::::NG.NY.J.2025,2025-03-02T20:37:00.000000000-0500,3.763,4,3.761,6
MILLBURN::::NG.NY.J.2025,2025-03-02T20:38:00.000000000-0500,3.763,6,3.761,4
MILLBURN::::NG.NY.J.2025,2025-03-02T20:39:00.000000000-0500,3.764,5,3.762,10
MILLBURN::::NG.NY.J.2025,2025-03-02T20:40:00.000000000-0500,3.764,7,3.762,7
MILLBURN::::NG.NY.J.2025,2025-03-02T20:41:00.000000000-0500,3.764,5,3.762,8
MILLBURN::::NG.NY.J.2025,2025-03-02T20:42:00.000000000-0500,3.764,6,3.762,5
MILLBURN::::NG.NY.J.2025,2025-03-02T20:43:00.000000000-0500,3.764,7,3.762,6
MILLBURN::::NG.NY.J.2025,2025-03-02T20:44:00.000000000-0500,3.764,4,3.763,6
MILLBURN::::NG.NY.J.2025,2025-03-02T20:45:00.000000000-0500,3.766,4,3.765,4
MILLBURN::::NG.NY.J.2025,2025-03-02T20:46:00.000000000-0500,3.769,8,3.767,5
MILLBURN::::NG.NY.J.2025,2025-03-02T20:47:00.000000000-0500,3.769,6,3.768,2
MILLBURN::::NG.NY.J.2025,2025-03-02T20:48:00.000000000-0500,3.769,5,3.768,2
MILLBURN::::NG.NY.J.2025,2025-03-02T20:49:00.000000000-0500,3.769,3,3.768,3
MILLBURN::::NG.NY.J.2025,2025-03-02T20:50:00.000000000-0500,3.769,6,3.767,7
MILLBURN::::NG.NY.J.2025,2025-03-02T20:51:00.000000000-0500,3.769,7,3.768,1
MILLBURN::::NG.NY.J.2025,2025-03-02T20:52:00.000000000-0500,3.77,5,3.769,2
MILLBURN::::NG.NY.J.2025,2025-03-02T20:53:00.000000000-0500,3.771,12,3.769,3
MILLBURN::::NG.NY.J.2025,2025-03-02T20:54:00.000000000-0500,3.769,6,3.767,5
MILLBURN::::NG.NY.J.2025,2025-03-02T20:55:00.000000000-0500,3.768,5,3.766,10
MILLBURN::::NG.NY.J.2025,2025-03-02T20:56:00.000000000-0500,3.769,27,3.768,1
MILLBURN::::NG.NY.J.2025,2025-03-02T20:57:00.000000000-0500,3.769,29,3.767,4
MILLBURN::::NG.NY.J.2025,2025-03-02T20:58:00.000000000-0500,3.765,4,3.763,4
MILLBURN::::NG.NY.J.2025,2025-03-02T20:59:00.000000000-0500,3.766,5,3.764,2
MILLBURN::::NG.NY.J.2025,2025-03-02T21:00:00.000000000-0500,3.764,5,3.763,2
MILLBURN::::NG.NY.J.2025,2025-03-02T21:01:00.000000000-0500,3.765,8,3.763,3
MILLBURN::::NG.NY.J.2025,2025-03-02T21:02:00.000000000-0500,3.764,4,3.762,6
MILLBURN::::NG.NY.J.2025,2025-03-02T21:03:00.000000000-0500,3.763,8,3.761,3
MILLBURN::::NG.NY.J.2025,2025-03-02T21:04:00.000000000-0500,3.762,4,3.76,8
MILLBURN::::NG.NY.J.2025,2025-03-02T21:05:00.000000000-0500,3.762,4,3.761,2
MILLBURN::::NG.NY.J.2025,2025-03-02T21:06:00.000000000-0500,3.763,3,3.761,15
MILLBURN::::NG.NY.J.2025,2025-03-02T21:07:00.000000000-0500,3.763,3,3.761,14
MILLBURN::::NG.NY.J.2025,2025-03-02T21:08:00.000000000-0500,3.764,30,3.763,6
MILLBURN::::NG.NY.J.2025,2025-03-02T21:09:00.000000000-0500,3.764,24,3.763,4
MILLBURN::::NG.NY.J.2025,2025-03-02T21:10:00.000000000-0500,3.761,7,3.759,10
MILLBURN::::NG.NY.J.2025,2025-03-02T21:11:00.000000000-0500,3.761,6,3.759,8
MILLBURN::::NG.NY.J.2025,2025-03-02T21:12:00.000000000-0500,3.761,6,3.759,8
MILLBURN::::NG.NY.J.2025,2025-03-02T21:13:00.000000000-0500,3.761,7,3.759,7
MILLBURN::::NG.NY.J.2025,2025-03-02T21:14:00.000000000-0500,3.758,1,3.757,4
MILLBURN::::NG.NY.J.2025,2025-03-02T21:15:00.000000000-0500,3.759,9,3.757,4
MILLBURN::::NG.NY.J.2025,2025-03-02T21:16:00.000000000-0500,3.762,6,3.76,4
MILLBURN::::NG.NY.J.2025,2025-03-02T21:17:00.000000000-0500,3.762,5,3.761,2
MILLBURN::::NG.NY.J.2025,2025-03-02T21:18:00.000000000-0500,3.762,5,3.761,3
MILLBURN::::NG.NY.J.2025,2025-03-02T21:19:00.000000000-0500,3.762,3,3.761,1
MILLBURN::::NG.NY.J.2025,2025-03-02T21:20:00.000000000-0500,3.762,6,3.76,5
MILLBURN::::NG.NY.J.2025,2025-03-02T21:21:00.000000000-0500,3.762,6,3.76,5
MILLBURN::::NG.NY.J.2025,2025-03-02T21:22:00.000000000-0500,3.76,6,3.758,7
MILLBURN::::NG.NY.J.2025,2025-03-02T21:23:00.000000000-0500,3.76,7,3.758,3
MILLBURN::::NG.NY.J.2025,2025-03-02T21:24:00.000000000-0500,3.761,5,3.759,2
MILLBURN::::NG.NY.J.2025,2025-03-02T21:25:00.000000000-0500,3.761,6,3.759,3
MILLBURN::::NG.NY.J.2025,2025-03-02T21:26:00.000000000-0500,3.761,1,3.76,8
MILLBURN::::NG.NY.J.2025,2025-03-02T21:27:00.000000000-0500,3.762,8,3.76,7
MILLBURN::::NG.NY.J.2025,2025-03-02T21:28:00.000000000-0500,3.761,5,3.76,3
MILLBURN::::NG.NY.J.2025,2025-03-02T21:29:00.000000000-0500,3.762,22,3.761,2
MILLBURN::::NG.NY.J.2025,2025-03-02T21:30:00.000000000-0500,3.762,21,3.76,6
MILLBURN::::NG.NY.J.2025,2025-03-02T21:31:00.000000000-0500,3.762,21,3.76,7
MILLBURN::::NG.NY.J.2025,2025-03-02T21:32:00.000000000-0500,3.762,21,3.76,11
MILLBURN::::NG.NY.J.2025,2025-03-02T21:33:00.000000000-0500,3.762,20,3.76,11
MILLBURN::::NG.NY.J.2025,2025-03-02T21:34:00.000000000-0500,3.761,8,3.76,7
MILLBURN::::NG.NY.J.2025,2025-03-02T21:35:00.000000000-0500,3.761,10,3.76,7
MILLBURN::::NG.NY.J.2025,2025-03-02T21:36:00.000000000-0500,3.761,9,3.76,6
MILLBURN::::NG.NY.J.2025,2025-03-02T21:37:00.000000000-0500,3.761,22,3.76,5
MILLBURN::::NG.NY.J.2025,2025-03-02T21:38:00.000000000-0500,3.758,5,3.757,4
MILLBURN::::NG.NY.J.2025,2025-03-02T21:39:00.000000000-0500,3.759,13,3.757,6
MILLBURN::::NG.NY.J.2025,2025-03-02T21:40:00.000000000-0500,3.757,5,3.755,13
MILLBURN::::NG.NY.J.2025,2025-03-02T21:41:00.000000000-0500,3.758,7,3.756,5
MILLBURN::::NG.NY.J.2025,2025-03-02T21:42:00.000000000-0500,3.758,8,3.756,5
MILLBURN::::NG.NY.J.2025,2025-03-02T21:43:00.000000000-0500,3.758,6,3.756,11
MILLBURN::::NG.NY.J.2025,2025-03-02T21:44:00.000000000-0500,3.758,9,3.756,6
MILLBURN::::NG.NY.J.2025,2025-03-02T21:45:00.000000000-0500,3.758,7,3.757,1
MILLBURN::::NG.NY.J.2025,2025-03-02T21:46:00.000000000-0500,3.76,9,3.758,8
MILLBURN::::NG.NY.J.2025,2025-03-02T21:47:00.000000000-0500,3.76,13,3.758,9
MILLBURN::::NG.NY.J.2025,2025-03-02T21:48:00.000000000-0500,3.76,14,3.758,5
MILLBURN::::NG.NY.J.2025,2025-03-02T21:49:00.000000000-0500,3.759,3,3.758,5
MILLBURN::::NG.NY.J.2025,2025-03-02T21:50:00.000000000-0500,3.76,15,3.758,5
MILLBURN::::NG.NY.J.2025,2025-03-02T21:51:00.000000000-0500,3.76,15,3.758,8
MILLBURN::::NG.NY.J.2025,2025-03-02T21:52:00.000000000-0500,3.76,16,3.758,7
MILLBURN::::NG.NY.J.2025,2025-03-02T21:53:00.000000000-0500,3.76,15,3.758,5
MILLBURN::::NG.NY.J.2025,2025-03-02T21:54:00.000000000-0500,3.76,13,3.759,2
MILLBURN::::NG.NY.J.2025,2025-03-02T21:55:00.000000000-0500,3.76,12,3.758,11
MILLBURN::::NG.NY.J.2025,2025-03-02T21:56:00.000000000-0500,3.76,10,3.758,12
MILLBURN::::NG.NY.J.2025,2025-03-02T21:57:00.000000000-0500,3.76,10,3.758,11
MILLBURN::::NG.NY.J.2025,2025-03-02T21:58:00.000000000-0500,3.758,11,3.756,8
MILLBURN::::NG.NY.J.2025,2025-03-02T21:59:00.000000000-0500,3.758,15,3.756,6
MILLBURN::::NG.NY.J.2025,2025-03-02T22:00:00.000000000-0500,3.759,12,3.757,4
MILLBURN::::NG.NY.J.2025,2025-03-02T22:01:00.000000000-0500,3.757,9,3.755,9
MILLBURN::::NG.NY.J.2025,2025-03-02T22:02:00.000000000-0500,3.757,6,3.755,11
MILLBURN::::NG.NY.J.2025,2025-03-02T22:03:00.000000000-0500,3.756,10,3.754,11
MILLBURN::::NG.NY.J.2025,2025-03-02T22:04:00.000000000-0500,3.756,5,3.755,2
MILLBURN::::NG.NY.J.2025,2025-03-02T22:05:00.000000000-0500,3.756,5,3.755,2
MILLBURN::::NG.NY.J.2025,2025-03-02T22:06:00.000000000-0500,3.757,6,3.756,2
MILLBURN::::NG.NY.J.2025,2025-03-02T22:07:00.000000000-0500,3.758,11,3.756,3
MILLBURN::::NG.NY.J.2025,2025-03-02T22:08:00.000000000-0500,3.758,6,3.757,2
MILLBURN::::NG.NY.J.2025,2025-03-02T22:09:00.000000000-0500,3.758,9,3.756,5
MILLBURN::::NG.NY.J.2025,2025-03-02T22:10:00.000000000-0500,3.758,10,3.756,5
MILLBURN::::NG.NY.J.2025,2025-03-02T22:11:00.000000000-0500,3.758,10,3.756,2
MILLBURN::::NG.NY.J.2025,2025-03-02T22:12:00.000000000-0500,3.757,5,3.756,3
MILLBURN::::NG.NY.J.2025,2025-03-02T22:13:00.000000000-0500,3.758,6,3.757,2
MILLBURN::::NG.NY.J.2025,2025-03-02T22:14:00.000000000-0500,3.757,1,3.756,3
MILLBURN::::NG.NY.J.2025,2025-03-02T22:15:00.000000000-0500,3.757,6,3.755,8
MILLBURN::::NG.NY.J.2025,2025-03-02T22:16:00.000000000-0500,3.757,7,3.755,8
MILLBURN::::NG.NY.J.2025,2025-03-02T22:17:00.000000000-0500,3.757,8,3.755,9
MILLBURN::::NG.NY.J.2025,2025-03-02T22:18:00.000000000-0500,3.757,8,3.755,8
MILLBURN::::NG.NY.J.2025,2025-03-02T22:19:00.000000000-0500,3.758,8,3.756,4
MILLBURN::::NG.NY.J.2025,2025-03-02T22:20:00.000000000-0500,3.757,3,3.756,3
MILLBURN::::NG.NY.J.2025,2025-03-02T22:21:00.000000000-0500,3.757,7,3.756,1
MILLBURN::::NG.NY.J.2025,2025-03-02T22:22:00.000000000-0500,3.757,6,3.756,1
MILLBURN::::NG.NY.J.2025,2025-03-02T22:23:00.000000000-0500,3.759,9,3.757,6
MILLBURN::::NG.NY.J.2025,2025-03-02T22:24:00.000000000-0500,3.762,6,3.76,8
MILLBURN::::NG.NY.J.2025,2025-03-02T22:25:00.000000000-0500,3.762,7,3.76,3
MILLBURN::::NG.NY.J.2025,2025-03-02T22:26:00.000000000-0500,3.762,10,3.76,2
MILLBURN::::NG.NY.J.2025,2025-03-02T22:27:00.000000000-0500,3.761,12,3.759,11
MILLBURN::::NG.NY.J.2025,2025-03-02T22:28:00.000000000-0500,3.761,11,3.759,11
MILLBURN::::NG.NY.J.2025,2025-03-02T22:29:00.000000000-0500,3.762,5,3.761,2
MILLBURN::::NG.NY.J.2025,2025-03-02T22:30:00.000000000-0500,3.769,2,3.768,3
MILLBURN::::NG.NY.J.2025,2025-03-02T22:31:00.000000000-0500,3.768,3,3.766,11
MILLBURN::::NG.NY.J.2025,2025-03-02T22:32:00.000000000-0500,3.769,10,3.768,8
MILLBURN::::NG.NY.J.2025,2025-03-02T22:33:00.000000000-0500,3.766,6,3.764,8
MILLBURN::::NG.NY.J.2025,2025-03-02T22:34:00.000000000-0500,3.766,5,3.765,5
MILLBURN::::NG.NY.J.2025,2025-03-02T22:35:00.000000000-0500,3.763,6,3.762,2
MILLBURN::::NG.NY.J.2025,2025-03-02T22:36:00.000000000-0500,3.763,4,3.762,1
MILLBURN::::NG.NY.J.2025,2025-03-02T22:37:00.000000000-0500,3.763,3,3.762,4
MILLBURN::::NG.NY.J.2025,2025-03-02T22:38:00.000000000-0500,3.764,3,3.763,5
MILLBURN::::NG.NY.J.2025,2025-03-02T22:39:00.000000000-0500,3.764,11,3.762,3
MILLBURN::::NG.NY.J.2025,2025-03-02T22:40:00.000000000-0500,3.759,2,3.758,2
MILLBURN::::NG.NY.J.2025,2025-03-02T22:41:00.000000000-0500,3.76,4,3.758,8
MILLBURN::::NG.NY.J.2025,2025-03-02T22:42:00.000000000-0500,3.76,4,3.758,3
MILLBURN::::NG.NY.J.2025,2025-03-02T22:43:00.000000000-0500,3.758,3,3.756,8
MILLBURN::::NG.NY.J.2025,2025-03-02T22:44:00.000000000-0500,3.757,1,3.756,5
MILLBURN::::NG.NY.J.2025,2025-03-02T22:45:00.000000000-0500,3.759,2,3.758,2
MILLBURN::::NG.NY.J.2025,2025-03-02T22:46:00.000000000-0500,3.758,4,3.756,6
MILLBURN::::NG.NY.J.2025,2025-03-02T22:47:00.000000000-0500,3.759,2,3.757,7
MILLBURN::::NG.NY.J.2025,2025-03-02T22:48:00.000000000-0500,3.759,2,3.758,1
MILLBURN::::NG.NY.J.2025,2025-03-02T22:49:00.000000000-0500,3.759,5,3.757,4
MILLBURN::::NG.NY.J.2025,2025-03-02T22:50:00.000000000-0500,3.759,2,3.758,3
MILLBURN::::NG.NY.J.2025,2025-03-02T22:51:00.000000000-0500,3.76,1,3.759,4
MILLBURN::::NG.NY.J.2025,2025-03-02T22:52:00.000000000-0500,3.76,3,3.759,3
MILLBURN::::NG.NY.J.2025,2025-03-02T22:53:00.000000000-0500,3.761,2,3.76,2
MILLBURN::::NG.NY.J.2025,2025-03-02T22:54:00.000000000-0500,3.761,2,3.76,3
MILLBURN::::NG.NY.J.2025,2025-03-02T22:55:00.000000000-0500,3.761,2,3.76,4
MILLBURN::::NG.NY.J.2025,2025-03-02T22:56:00.000000000-0500,3.761,3,3.76,1
MILLBURN::::NG.NY.J.2025,2025-03-02T22:57:00.000000000-0500,3.762,7,3.76,4
MILLBURN::::NG.NY.J.2025,2025-03-02T22:58:00.000000000-0500,3.761,8,3.759,6
MILLBURN::::NG.NY.J.2025,2025-03-02T22:59:00.000000000-0500,3.761,8,3.759,4
MILLBURN::::NG.NY.J.2025,2025-03-02T23:00:00.000000000-0500,3.761,5,3.76,3
MILLBURN::::NG.NY.J.2025,2025-03-02T23:01:00.000000000-0500,3.761,5,3.759,7
MILLBURN::::NG.NY.J.2025,2025-03-02T23:02:00.000000000-0500,3.76,2,3.759,5
MILLBURN::::NG.NY.J.2025,2025-03-02T23:03:00.000000000-0500,3.761,8,3.759,6
MILLBURN::::NG.NY.J.2025,2025-03-02T23:04:00.000000000-0500,3.76,2,3.759,5
MILLBURN::::NG.NY.J.2025,2025-03-02T23:05:00.000000000-0500,3.76,2,3.759,4
MILLBURN::::NG.NY.J.2025,2025-03-02T23:06:00.000000000-0500,3.76,5,3.759,3
MILLBURN::::NG.NY.J.2025,2025-03-02T23:07:00.000000000-0500,3.76,3,3.759,2
MILLBURN::::NG.NY.J.2025,2025-03-02T23:08:00.000000000-0500,3.761,9,3.759,7
MILLBURN::::NG.NY.J.2025,2025-03-02T23:09:00.000000000-0500,3.761,7,3.759,8
MILLBURN::::NG.NY.J.2025,2025-03-02T23:10:00.000000000-0500,3.761,7,3.76,3
MILLBURN::::NG.NY.J.2025,2025-03-02T23:11:00.000000000-0500,3.761,4,3.76,3
MILLBURN::::NG.NY.J.2025,2025-03-02T23:12:00.000000000-0500,3.761,3,3.759,6
MILLBURN::::NG.NY.J.2025,2025-03-02T23:13:00.000000000-0500,3.761,3,3.76,1
MILLBURN::::NG.NY.J.2025,2025-03-02T23:14:00.000000000-0500,3.761,3,3.76,2
MILLBURN::::NG.NY.J.2025,2025-03-02T23:15:00.000000000-0500,3.762,5,3.761,4
MILLBURN::::NG.NY.J.2025,2025-03-02T23:16:00.000000000-0500,3.762,5,3.761,4
MILLBURN::::NG.NY.J.2025,2025-03-02T23:17:00.000000000-0500,3.762,5,3.761,4
MILLBURN::::NG.NY.J.2025,2025-03-02T23:18:00.000000000-0500,3.762,6,3.761,5
MILLBURN::::NG.NY.J.2025,2025-03-02T23:19:00.000000000-0500,3.765,5,3.763,6
MILLBURN::::NG.NY.J.2025,2025-03-02T23:20:00.000000000-0500,3.765,9,3.763,5
MILLBURN::::NG.NY.J.2025,2025-03-02T23:21:00.000000000-0500,3.763,4,3.762,10
MILLBURN::::NG.NY.J.2025,2025-03-02T23:22:00.000000000-0500,3.763,5,3.761,9
MILLBURN::::NG.NY.J.2025,2025-03-02T23:23:00.000000000-0500,3.763,6,3.761,7
MILLBURN::::NG.NY.J.2025,2025-03-02T23:24:00.000000000-0500,3.761,4,3.759,8
MILLBURN::::NG.NY.J.2025,2025-03-02T23:25:00.000000000-0500,3.761,3,3.759,8
MILLBURN::::NG.NY.J.2025,2025-03-02T23:26:00.000000000-0500,3.761,3,3.76,1
MILLBURN::::NG.NY.J.2025,2025-03-02T23:27:00.000000000-0500,3.762,7,3.76,9
MILLBURN::::NG.NY.J.2025,2025-03-02T23:28:00.000000000-0500,3.762,6,3.76,9
MILLBURN::::NG.NY.J.2025,2025-03-02T23:29:00.000000000-0500,3.764,10,3.762,2
MILLBURN::::NG.NY.J.2025,2025-03-02T23:30:00.000000000-0500,3.764,4,3.762,5
MILLBURN::::NG.NY.J.2025,2025-03-02T23:31:00.000000000-0500,3.764,4,3.763,3
MILLBURN::::NG.NY.J.2025,2025-03-02T23:32:00.000000000-0500,3.764,4,3.762,10
MILLBURN::::NG.NY.J.2025,2025-03-02T23:33:00.000000000-0500,3.764,4,3.763,1
MILLBURN::::NG.NY.J.2025,2025-03-02T23:34:00.000000000-0500,3.764,4,3.762,10
MILLBURN::::NG.NY.J.2025,2025-03-02T23:35:00.000000000-0500,3.764,5,3.762,7
MILLBURN::::NG.NY.J.2025,2025-03-02T23:36:00.000000000-0500,3.764,6,3.762,7
MILLBURN::::NG.NY.J.2025,2025-03-02T23:37:00.000000000-0500,3.766,5,3.765,1
MILLBURN::::NG.NY.J.2025,2025-03-02T23:38:00.000000000-0500,3.766,7,3.764,8
MILLBURN::::NG.NY.J.2025,2025-03-02T23:39:00.000000000-0500,3.765,11,3.763,1
MILLBURN::::NG.NY.J.2025,2025-03-02T23:40:00.000000000-0500,3.763,1,3.762,4
MILLBURN::::NG.NY.J.2025,2025-03-02T23:41:00.000000000-0500,3.763,2,3.761,7
MILLBURN::::NG.NY.J.2025,2025-03-02T23:42:00.000000000-0500,3.763,2,3.761,5
MILLBURN::::NG.NY.J.2025,2025-03-02T23:43:00.000000000-0500,3.763,6,3.761,2
MILLBURN::::NG.NY.J.2025,2025-03-02T23:44:00.000000000-0500,3.763,3,3.761,5
MILLBURN::::NG.NY.J.2025,2025-03-02T23:45:00.000000000-0500,3.763,6,3.761,3
MILLBURN::::NG.NY.J.2025,2025-03-02T23:46:00.000000000-0500,3.763,5,3.761,6
MILLBURN::::NG.NY.J.2025,2025-03-02T23:47:00.000000000-0500,3.764,3,3.762,5
MILLBURN::::NG.NY.J.2025,2025-03-02T23:48:00.000000000-0500,3.764,4,3.762,4
MILLBURN::::NG.NY.J.2025,2025-03-02T23:49:00.000000000-0500,3.764,4,3.762,6
MILLBURN::::NG.NY.J.2025,2025-03-02T23:50:00.000000000-0500,3.77,8,3.768,7
MILLBURN::::NG.NY.J.2025,2025-03-02T23:51:00.000000000-0500,3.768,4,3.766,8
MILLBURN::::NG.NY.J.2025,2025-03-02T23:52:00.000000000-0500,3.768,3,3.766,4
MILLBURN::::NG.NY.J.2025,2025-03-02T23:53:00.000000000-0500,3.768,6,3.766,8
MILLBURN::::NG.NY.J.2025,2025-03-02T23:54:00.000000000-0500,3.768,5,3.766,5
MILLBURN::::NG.NY.J.2025,2025-03-02T23:55:00.000000000-0500,3.768,2,3.766,7
MILLBURN::::NG.NY.J.2025,2025-03-02T23:56:00.000000000-0500,3.769,2,3.767,10
MILLBURN::::NG.NY.J.2025,2025-03-02T23:57:00.000000000-0500,3.768,3,3.767,2
MILLBURN::::NG.NY.J.2025,2025-03-02T23:58:00.000000000-0500,3.768,2,3.766,7

